property_id,city,state,zip,unit_type,monthly_rent,landlord_type,lease_length
00001,Washington,DC,200XX,Studio,851,LLC,"6 months"
00002,Chicago,IL,60614,3BR,3081,LLC,"6 months"
00003,Nashville,TN,37201,1BR,1426,Corporate,"12 months"
00004,Nashville,TN,37206,2BR,1731,LLC,"12 months"
00005,"Los Angeles",CA,90036,4BR+,3898,Individual,"12 months"
00007,Cambridge,MA,02139,2BR,2586,LLC,"12 months"
00008,Seattle,WA,98103,3BR,8826,Individual,"24 months"
00009,Scottsdale,AZ,85251,1BR,1641,Individual,"12 months"
00010,Houston,TX,77001,studio,2937,Corporate,"6 months"
00011,Chicago,IL,60614,3BR,5995,REIT,"18 months"
00012,Chicago,IL,60614,Studio,1840,LLC,"12 months"
00014,Atlanta,GA,30301,Studio,2167,REIT,"12 months"
00015,"New York",NY,10003,Studio,2224,Corporate,"6 months"
00016,Boston,MA,02115,1BR,2122,Corporate,"24 months"
00017,Miami,FL,33101,2BR,3166,Individual,"24 months"
00018,Atlanta,GA,30308,2BR,2669,REIT,"18 months"
00019,Nashville,TN,37206,1BR,2866,"Property Management Co","18 months"
00020,"New York",NY,10001,2BR,5040,LLC,"12 months"
00021,Chicago,IL,60601,Studio,894,Individual,"18 months"
00022,"San Antonio",TX,78201,Studio,1941,"Property Management Co","24 months"
00023,"Fort Lauderdale",FL,33301,4BR+,3634,REIT,"12 months"
00024,"San Francisco",CA,94110,Studio,2968,,"12 months"
00025,"Los Angeles",CA,90036,4BR+,7623,REIT,"24 months"
00026,Atlanta,GA,30308,Studio,1516,REIT,"24 months"
00027,"Los Angeles",CA,90025,1BR,1542,LLC,"12 months"
00028,Nashville,TN,37201,2BR,4252,REIT,"24 months"
00029,"San Francisco",CA,94110,2BR,2931,LLC,"12 months"
00030,Queens,NY,11101,1BR,3101,LLC,"12 months"
00032,Atlanta,GA,303XX,1BR,1286,"Property Management Co","24 months"
00033,Nashville,TN,37206,Studio,1110,"Property Management Co","6 months"
00034,Houston,TX,77019,1BR,1432,Corporate,"12 months"
00035,Austin,TX,78701,Studio,1915,REIT,"12 months"
00037,Bellevue,WA,98004,Studio,1129,Individual,"18 months"
00038,Cambridge,MA,02139,4BR+,5187,Individual,"12 months"
00039,Scottsdale,AZ,85251,2BR,3301,"Property Management Co","12 months"
00040,"San Francisco",CA,94110,4BR+,11118,"Property Management Co","24 months"
00041,Arlington,VA,22201,1BR,1251,REIT,"12 months"
00042,Nashville,TN,37206,4BR+,6997,Individual,"6 months"
00043,Seattle,WA,98101,2BR,3294,REIT,"12 months"
00044,Nashville,TN,37206,4BR+,7813,REIT,"6 months"
00045,"San Francisco",CA,94102,Studio,3061,Individual,"12 months"
00046,Queens,NY,11101,2BR,2319,REIT,"12 months"
00048,Washington,DC,20009,3BR,2772,"Property Management Co","12 months"
00049,Washington,DC,20001,3BR,3717,"Property Management Co","6 months"
00050,Brooklyn,NY,11201,2BR,5868,Corporate,"12 months"
00051,"New York",NY,10001,2BR,2496,Individual,"6 months"
00052,Brooklyn,NY,11201,3BR,3963,LLC,"24 months"
00053,"Los Angeles",CA,90025,4BR+,4871,Individual,"12 months"
00054,"Los Angeles",CA,90036,4BR+,6365,"Property Management Co","12 months"
00056,Chicago,IL,60614,2BR,3924,LLC,"18 months"
00057,Scottsdale,AZ,85251,4BR+,6237,Corporate,"24 months"
00058,Boston,MA,02115,Studio,1613,LLC,"6 months"
00059,Miami,FL,33101,3BR,2522,Corporate,"12 months"
00060,Arlington,VA,22201,Studio,1162,LLC,"6 months"
00061,Brooklyn,NY,11201,2BR,6360,"Property Management Co","12 months"
00062,Queens,NY,11101,4BR+,6586,REIT,"12 months"
00063,Nashville,TN,37201,4BR+,8436,LLC,"12 months"
00064,Seattle,WA,98103,1BR,3748,LLC,"12 months"
00065,Austin,TX,78704,Studio,1641,LLC,"18 months"
00066,Atlanta,GA,30301,3BR,2766,LLC,"12 months"
00067,"New York",NY,10002,3BR,5596,"Property Management Co","18 months"
00070,Miami,FL,33130,Studio,1531,"Property Management Co","12 months"
00071,"New York",NY,100XX,2BR,3625,REIT,"12 months"
00072,Boston,MA,02101,1BR,3137,"Property Management Co","12 months"
00073,"New York",NY,10003,2BR,4086,Individual,"18 months"
00074,"New York",NY,10003,4BR+,9954,LLC,"18 months"
00075,Seattle,WA,98101,3BR,8539,REIT,"12 months"
00077,Arlington,VA,22201,Studio,1721,Corporate,"18 months"
00078,Seattle,WA,98101,Studio,1969,LLC,"18 months"
00079,Miami,FL,33130,1BR,2806,"Property Management Co","24 months"
00080,Bellevue,WA,98004,2BR,3117,Corporate,"12 months"
00082,Cambridge,MA,02139,3BR,2409,Individual,"12 months"
00083,Oakland,CA,94601,4BR+,3318,REIT,"18 months"
00084,Seattle,WA,98103,3BR,7438,"Property Management Co","12 months"
00085,Chicago,IL,60601,1BR,1550,Corporate,"12 months"
00086,"San Antonio",TX,78201,4BR+,8269,"Property Management Co","12 months"
00087,"Los Angeles",CA,90025,4BR+,5827,LLC,"18 months"
00088,"San Francisco",CA,94110,1BR,1960,"Property Management Co","24 months"
00089,Brooklyn,NY,11201,Studio,3202,Individual,"24 months"
00090,Atlanta,GA,,4BR+,5235,LLC,"12 months"
00092,Seattle,WA,98103,Studio,3162,Corporate,"6 months"
00093,Atlanta,GA,30301,3BR,5957,Individual,"18 months"
00095,Arlington,VA,22201,3BR,5761,Individual,"12 months"
00097,Miami,FL,33101,Studio,1623,Corporate,"12 months"
00098,"Fort Lauderdale",FL,33301,Studio,1940,Corporate,"6 months"
00099,Decatur,GA,30030,3BR,3194,Corporate,"12 months"
00100,Houston,TX,77019,2BR,2467,REIT,"24 months"
00101,Phoenix,AZ,85001,2BR,2881,Corporate,"12 months"
00102,Arlington,VA,22201,"1 bed",2893,Corporate,"12 months"
00104,Atlanta,GA,30301,2BR,3225,"Property Management Co","6 months"
00106,Houston,TX,77019,4BR+,4330,Individual,"18 months"
00107,Oakland,CA,94601,3BR,3319,REIT,"12 months"
00108,Bellevue,WA,98004,2BR,1621,LLC,"6 months"
00109,Decatur,GA,30030,1BR,1794,"Property Management Co","6 months"
00110,Denver,CO,80205,2BR,2949,REIT,"12 months"
00111,Denver,CO,80201,2BR,2066,"Property Management Co","24 months"
00112,Chicago,IL,60601,3BR,4649,Corporate,"18 months"
00113,Arlington,VA,22201,3BR,2243,REIT,"6 months"
00114,"Los Angeles",CA,90025,"2 bed",2377,Corporate,"12 months"
00115,Decatur,"GA ",30030,3BR,4779,Individual,"12 months"
00116,"Los Angeles",CA,90025,2BR,3761,Individual,"12 months"
00117,Cambridge,MA,02139,1BR,2691,"Property Management Co","12 months"
00118,Decatur,GA,300XX,4BR+,7028,"Property Management Co","6 months"
00119,"Fort Lauderdale",FL,33301,4BR+,4790,Corporate,"18 months"
00120,Washington,DC,20009,3BR,5532,Individual,"12 months"
00121,Portland,OR,97201,1BR,1699,LLC,"12 months"
00122,"San Francisco",CA,94110,Studio,1485,"Property Management Co","24 months"
00123,"San Antonio",TX,78201,Studio,1054,Corporate,"12 months"
00124,Austin,TX,78701,Studio,994,"Property Management Co","12 months"
00126,Bellevue,WA,98004,1BR,2234,"Property Management Co","12 months"
00128,Brooklyn,NY,11201,3BR,7677,Corporate,"24 months"
00129,Nashville,TN,37206,Studio,1435,Corporate,"24 months"
00131,Nashville,TN,37206,Studio,1267,Corporate,"18 months"
00132,Cambridge,MA,02139,Studio,1828,REIT,"12 months"
00133,Houston,TX,770XX,4BR+,3195,Corporate,"6 months"
00134,Houston,TX,77025,4BR+,3695,"Property Management Co","6 months"
00135,Houston,TX,77001,1BR,1546,REIT,"12 months"
00137,Cambridge,MA,02139,Studio,1992,"Property Management Co","12 months"
00138,Chicago,IL,60647,2BR,2208,LLC,"24 months"
00139,Boston,MA,02115,3BR,5938,LLC,"12 months"
00140,Atlanta,GA,303XX,Studio,1249,"Property Management Co","12 months"
00141,Oakland,CA,94601,1BR,3057,Individual,"24 months"
00142,Denver,CO,80205,4BR+,4117,LLC,"12 months"
00143,Chicago,IL,60647,Studio,1973,Individual,"12 months"
00144,"New York",NY,10001,2BR,6658,Individual,"12 months"
00145,Austin,TX,78704,Studio,868,Individual,"12 months"
00146,Brooklyn,NY,11201,Studio,2217,,"6 months"
00147,"New York",NY,10002,1BR,3442,"Property Management Co","24 months"
00148,Nashville,TN,37201,Studio,975,Individual,"18 months"
00149,Chicago,IL,60601,Studio,1719,Individual,"18 months"
00151,"Fort Lauderdale",FL,333XX,3BR,3821,Individual,"12 months"
00152,Bellevue,WA,98004,2BR,2369,LLC,"12 months"
00153,Brooklyn,NY,11201,1BR,4453,"Property Management Co","12 months"
00154,Portland,OR,97201,Studio,1383,Individual,"6 months"
00155,Houston,TX,77025,"2 bed",4232,LLC,"12 months"
00156,"Fort Lauderdale",FL,33301,2BR,4287,"Property Management Co","6 months"
00157,"San Francisco",CA,94110,4BR+,11068,REIT,"12 months"
00158,Arlington,VA,22201,Studio,1255,"Property Management Co","12 months"
00159,Aurora,CO,80010,Studio,1108,Individual,"12 months"
00161,Seattle,WA,98103,1BR,4006,"Property Management Co","12 months"
00162,Houston,TX,77025,1BR,1189,Individual,"18 months"
00164,Atlanta,GA,303XX,1BR,2778,Individual,"12 months"
00165,Arlington,VA,22201,1BR,2312,,"12 months"
00166,Washington,DC,20001,2BR,3003,Corporate,"12 months"
00167,Chicago,IL,60647,4BR+,4070,LLC,"24 months"
00168,Washington,DC,20001,Studio,1686,"Property Management Co","18 months"
00170,Washington,DC,20009,2BR,4281,Individual,"24 months"
00171,Seattle,WA,98101,4BR+,5062,REIT,"18 months"
00172,"Los Angeles",CA,90025,3BR,4243,"Property Management Co","12 months"
00173,Oakland,CA,94601,1BR,2729,LLC,"24 months"
00174,Arlington,VA,22201,studio,2420,,"12 months"
00175,Seattle,WA,98101,2BR,6642,REIT,"24 months"
00176,Bellevue,WA,98004,4BR+,8083,Corporate,"12 months"
00177,Tempe,AZ,85281,Studio,1572,LLC,"12 months"
00179,Nashville,TN,37201,2BR,4230,REIT,"24 months"
00180,Houston,TX,77001,2BR,1993,Individual,"6 months"
00181,Queens,NY,11101,Studio,911,LLC,"12 months"
00182,Tempe,AZ,85281,Studio,1393,Corporate,"6 months"
00183,Decatur,GA,30030,4BR+,7691,Corporate,"18 months"
00184,Brooklyn,NY,11201,4BR+,5326,"Property Management Co","12 months"
00185,"San Francisco",CA,94102,4BR+,4558,"Property Management Co","12 months"
00186,"Los Angeles",CA,90036,4BR+,3617,LLC,"18 months"
00188,Houston,TX,77025,Studio,1341,REIT,"12 months"
00189,Arlington,"VA ",22201,3BR,3230,Corporate,"12 months"
00190,Cambridge,MA,02139,4BR+,5705,Corporate,"12 months"
00193,Atlanta,GA,30308,Studio,2189,LLC,"6 months"
00194,Seattle,WA,981XX,4BR+,4566,LLC,"12 months"
00195,Nashville,TN,37206,3BR,5410,Corporate,"12 months"
00197,Chicago,IL,60647,3BR,5683,Corporate,"12 months"
00198,Denver,CO,80205,4BR+,3738,REIT,"12 months"
00199,Boston,MA,02101,Studio,1851,"Property Management Co","12 months"
00201,Miami,"FL ",33101,2BR,2430,"Property Management Co","12 months"
00202,Chicago,IL,606XX,4BR+,7724,LLC,"12 months"
00203,"San Francisco",CA,94110,Studio,2199,"Property Management Co","24 months"
00204,Houston,TX,770XX,Studio,1352,REIT,"6 months"
00205,Denver,CO,80205,Studio,1134,LLC,"12 months"
00206,Boston,MA,02115,2BR,3596,Individual,"12 months"
00207,"Fort Lauderdale",FL,33301,4BR+,6644,Individual,"12 months"
00208,Decatur,GA,30030,Studio,853,,"18 months"
00210,Atlanta,GA,30301,1BR,2274,LLC,"12 months"
00211,Denver,CO,80201,1BR,1424,"Property Management Co","12 months"
00212,"New York",NY,10002,1BR,1785,"Property Management Co","12 months"
00213,Brooklyn,NY,11201,2BR,5736,"Property Management Co","12 months"
00214,Denver,CO,80201,2BR,4177,"Property Management Co","12 months"
00215,Miami,FL,33101,Studio,886,LLC,"18 months"
00216,Arlington,VA,22201,2BR,1687,"Property Management Co","12 months"
00217,Austin,TX,78704,2BR,3459,LLC,"12 months"
00218,Arlington,VA,22201,2BR,3743,LLC,"6 months"
00219,Houston,TX,77019,3BR,2448,Corporate,"12 months"
00220,Houston,TX,77001,1BR,2118,LLC,"18 months"
00223,Queens,NY,11101,4BR+,5659,Individual,"6 months"
00224,Houston,TX,77025,4BR+,7295,LLC,"12 months"
00225,Boston,MA,02101,Studio,1774,LLC,"24 months"
00226,"San Francisco",CA,94102,Studio,1545,Corporate,"6 months"
00227,"Los Angeles",CA,90025,Studio,1297,Corporate,"24 months"
00228,Atlanta,GA,303XX,Studio,1323,Individual,"18 months"
00229,"Los Angeles",CA,90001,"2 bed",2363,REIT,"12 months"
00230,Denver,CO,80201,Studio,1936,REIT,"24 months"
00231,"Los Angeles",CA,90036,4BR+,7291,Corporate,"24 months"
00234,Austin,TX,78701,3BR,3814,Corporate,"18 months"
00235,Washington,DC,20009,Studio,1188,LLC,"12 months"
00236,Bellevue,WA,98004,3BR,4617,LLC,"12 months"
00237,Boston,MA,02101,4BR+,4184,LLC,"18 months"
00238,"New York",NY,10001,4BR+,12603,Corporate,"24 months"
00239,"San Francisco",CA,94102,4BR+,5838,Individual,"6 months"
00240,Austin,TX,78701,4BR+,3999,"Property Management Co","18 months"
00241,Bellevue,WA,98004,2BR,2131,Individual,"12 months"
00242,"New York",NY,10003,2BR,2469,Individual,"12 months"
00244,Brooklyn,NY,11205,1BR,1840,Individual,"12 months"
00245,Houston,TX,77019,4BR+,3306,REIT,"12 months"
00246,"New York",NY,10003,3BR,5209,Corporate,"12 months"
00248,Phoenix,AZ,85001,Studio,1016,"Property Management Co","12 months"
00249,Seattle,WA,98103,3BR,4182,"Property Management Co","12 months"
00250,Tempe,AZ,85281,Studio,1630,LLC,"24 months"
00251,Miami,FL,33101,1BR,1419,"Property Management Co","12 months"
00252,"San Francisco",CA,94110,Studio,1650,REIT,"12 months"
00253,"Los Angeles",CA,90036,2BR,3848,"Property Management Co","12 months"
00255,Tempe,AZ,85281,3BR,3655,LLC,"24 months"
00256,Queens,NY,11101,1BR,2244,REIT,"12 months"
00259,Scottsdale,AZ,85251,3BR,4002,LLC,"12 months"
00260,Atlanta,GA,30301,3BR,3764,REIT,"24 months"
00262,Oakland,CA,94601,Studio,1045,REIT,"12 months"
00263,Chicago,IL,60614,Studio,1367,"Property Management Co","6 months"
00264,"New York",NY,10003,Studio,1416,"Property Management Co","18 months"
00265,Houston,TX,77025,Studio,1587,"Property Management Co","6 months"
00266,Denver,CO,80201,1BR,2697,REIT,"12 months"
00268,"San Antonio",TX,78201,4BR+,7072,Corporate,"12 months"
00269,Brooklyn,NY,11205,Studio,2040,Individual,"12 months"
00271,"Los Angeles",CA,90001,4BR+,8131,REIT,"12 months"
00272,"New York",NY,10003,Studio,1360,Individual,"6 months"
00273,Phoenix,AZ,85001,4BR+,4770,Individual,"12 months"
00274,Houston,TX,77025,2BR,4213,,"12 months"
00275,"San Francisco",CA,94110,1BR,1680,Individual,"12 months"
00276,Arlington,VA,22201,Studio,832,"Property Management Co","24 months"
00277,Boston,MA,02101,4BR+,5210,Individual,"12 months"
00278,Chicago,IL,60647,4BR+,4954,"Property Management Co","18 months"
00279,Atlanta,GA,30301,Studio,1762,REIT,"18 months"
00280,Washington,DC,20009,Studio,1400,REIT,"18 months"
00281,Decatur,GA,30030,3BR,2740,LLC,"12 months"
00282,Chicago,IL,60614,1BR,1268,Individual,"12 months"
00284,Washington,DC,20001,1BR,2563,LLC,"6 months"
00285,Nashville,TN,37201,2BR,3351,REIT,"12 months"
00286,"San Francisco",CA,94110,4BR+,10332,Corporate,"12 months"
00287,Chicago,IL,60647,3BR,5570,REIT,"6 months"
00288,"Fort Lauderdale","FL ",33301,3BR,4168,Corporate,"12 months"
00289,Cambridge,MA,02139,3BR,3387,REIT,"18 months"
00290,Boston,MA,02115,1BR,1660,LLC,"12 months"
00291,Brooklyn,NY,11205,Studio,1602,Corporate,"6 months"
00292,Austin,TX,78701,studio,959,LLC,"6 months"
00294,Phoenix,AZ,85001,2BR,3400,REIT,"12 months"
00295,"Los Angeles",CA,90025,3BR,5215,REIT,"12 months"
00296,Atlanta,GA,30301,Studio,1044,"Property Management Co","24 months"
00297,Denver,CO,80205,2BR,3584,"Property Management Co","12 months"
00298,Seattle,WA,98103,4BR+,10888,Individual,"12 months"
00299,Austin,TX,78704,3BR,4480,LLC,"12 months"
00300,Miami,FL,33130,3BR,4970,"Property Management Co","24 months"
00301,Miami,FL,331XX,1BR,2378,,"12 months"
00302,"San Francisco",CA,94102,Studio,2700,LLC,"12 months"
00303,Houston,TX,77025,4BR+,5239,Corporate,"18 months"
00304,Chicago,IL,60647,Studio,2085,LLC,"24 months"
00305,Seattle,WA,98103,3BR,7194,"Property Management Co","12 months"
00306,Chicago,IL,60614,2BR,2658,REIT,"12 months"
00307,"Los Angeles",CA,90025,4BR+,7754,Corporate,"12 months"
00309,Brooklyn,NY,11201,1BR,4012,Corporate,"24 months"
00310,Aurora,CO,80010,Studio,1361,"Property Management Co","12 months"
00311,Arlington,VA,22201,1BR,2741,REIT,"12 months"
00312,Seattle,WA,981XX,1BR,4195,REIT,"18 months"
00315,Miami,FL,,Studio,995,Corporate,"12 months"
00316,Tempe,AZ,85281,3BR,2567,REIT,"12 months"
00317,Bellevue,WA,98004,3BR,2973,LLC,"6 months"
00318,Boston,MA,,Studio,1217,"Property Management Co","24 months"
00319,"Los Angeles",CA,90025,3BR,2829,"Property Management Co","12 months"
00320,Brooklyn,NY,11201,2BR,2833,Corporate,"12 months"
00321,Nashville,TN,37206,4BR+,6010,Individual,"24 months"
00322,Chicago,IL,60601,3BR,4117,Individual,"24 months"
00325,Queens,NY,11101,1BR,1156,"Property Management Co","12 months"
00326,Portland,OR,972XX,3BR,5721,LLC,"18 months"
00328,Austin,TX,78704,1BR,1999,"Property Management Co","24 months"
00330,Houston,TX,77025,Studio,1950,"Property Management Co","6 months"
00331,Decatur,GA,30030,Studio,1838,Individual,"12 months"
00332,Phoenix,AZ,85001,2BR,2301,"Property Management Co","6 months"
00333,Austin,TX,787XX,1BR,1385,LLC,"12 months"
00334,Bellevue,WA,98004,2BR,3761,REIT,"24 months"
00335,"Los Angeles",CA,90036,4BR+,7191,LLC,"12 months"
00336,"Los Angeles",CA,90025,Studio,2133,LLC,"6 months"
00337,Bellevue,WA,98004,4BR+,3802,LLC,"12 months"
00338,Austin,TX,78704,3BR,4271,Individual,"12 months"
00339,"New York",NY,10003,4BR+,9100,Individual,"18 months"
00340,Seattle,WA,98103,4BR+,11941,"Property Management Co","24 months"
00341,Austin,TX,78704,2BR,2278,LLC,"18 months"
00342,Chicago,IL,60647,Studio,1363,LLC,"18 months"
00343,Chicago,IL,60614,2BR,2646,REIT,"18 months"
00344,"San Francisco","CA ",941XX,1BR,4774,Individual,"18 months"
00346,Denver,CO,80201,2BR,3996,Corporate,"24 months"
00347,Austin,TX,787XX,2BR,2999,"Property Management Co","24 months"
00348,Brooklyn,NY,11205,4BR+,8836,Individual,"24 months"
00349,Boston,MA,02115,1BR,2341,LLC,"12 months"
00351,Brooklyn,NY,11201,"1 bed",4083,LLC,"12 months"
00352,Houston,TX,77001,1BR,2373,REIT,"12 months"
00353,"Los Angeles",CA,90001,3BR,2448,Individual,"12 months"
00354,Houston,TX,77025,4BR+,6802,LLC,"12 months"
00355,Washington,DC,20009,4BR+,8086,Corporate,"6 months"
00356,Atlanta,GA,30301,4BR+,7154,"Property Management Co","18 months"
00358,Boston,MA,021XX,Studio,1936,LLC,"6 months"
00359,"New York",NY,10002,1BR,2331,Corporate,"12 months"
00360,Oakland,CA,94601,3BR,5325,Corporate,"12 months"
00361,Tempe,AZ,85281,3BR,4242,Individual,"12 months"
00363,Austin,TX,78704,1BR,1410,REIT,"12 months"
00364,Atlanta,GA,303XX,2BR,2754,Corporate,"12 months"
00365,"San Antonio","TX ",78201,2BR,2369,REIT,"24 months"
00366,Atlanta,GA,30308,2BR,3924,LLC,"12 months"
00367,Washington,DC,20009,2BR,2027,"Property Management Co","12 months"
00368,Denver,CO,80205,1BR,1628,Corporate,"12 months"
00369,Austin,TX,78704,Studio,1617,LLC,"18 months"
00370,Austin,TX,78701,3BR,4529,"Property Management Co","6 months"
00371,Tempe,"AZ ",85281,2BR,2275,REIT,"18 months"
00374,"New York",NY,10002,Studio,2235,LLC,"12 months"
00375,Bellevue,WA,98004,1BR,2747,Individual,"18 months"
00376,Bellevue,WA,980XX,3BR,2918,Individual,"24 months"
00377,Austin,TX,78701,1BR,1425,REIT,"24 months"
00378,Seattle,WA,98101,Studio,1903,Individual,"12 months"
00379,Houston,TX,77019,1BR,1811,Corporate,"12 months"
00380,Phoenix,AZ,85001,3BR,5210,Corporate,"18 months"
00381,Oakland,CA,94601,3BR,5128,"Property Management Co","6 months"
00382,"Los Angeles",CA,90025,3BR,5325,Corporate,"24 months"
00383,Nashville,TN,37201,1BR,2965,LLC,"12 months"
00385,Brooklyn,NY,11205,3BR,5071,Corporate,"18 months"
00386,"Los Angeles",CA,90001,studio,2300,LLC,"12 months"
00388,Miami,FL,33101,2BR,3709,LLC,"24 months"
00389,"Los Angeles",CA,90001,3BR,5762,"Property Management Co","12 months"
00390,Chicago,IL,60614,Studio,1016,REIT,"12 months"
00391,Denver,CO,80201,3BR,3115,LLC,"12 months"
00393,Bellevue,WA,98004,2BR,2720,Corporate,"24 months"
00394,Denver,CO,80205,2BR,1688,Corporate,"24 months"
00395,Seattle,WA,98103,3BR,4144,Corporate,"6 months"
00396,Boston,MA,02115,3BR,4311,Individual,"12 months"
00397,Cambridge,MA,02139,Studio,1045,"Property Management Co","18 months"
00399,Austin,TX,78704,2BR,2127,Corporate,"12 months"
00400,"Los Angeles",CA,90036,4BR+,5884,LLC,"12 months"
00401,Brooklyn,NY,11205,4BR+,6505,REIT,"12 months"
00403,"Los Angeles",CA,90025,1BR,2355,LLC,"6 months"
00404,Nashville,TN,37206,4BR+,7649,LLC,"12 months"
00405,Seattle,WA,98103,Studio,2137,"Property Management Co","24 months"
00406,Nashville,TN,37206,4BR+,4557,LLC,"24 months"
00407,Atlanta,GA,30301,1BR,1407,Individual,"24 months"
00408,Washington,DC,,4BR+,7223,Corporate,"6 months"
00410,Houston,TX,77001,Studio,1188,Corporate,"12 months"
00411,"Los Angeles",CA,90036,Studio,1020,"Property Management Co","12 months"
00412,"Los Angeles",CA,90025,2BR,2412,Corporate,"12 months"
00414,Phoenix,AZ,850XX,2BR,3364,LLC,"18 months"
00415,Denver,CO,80201,Studio,1017,Corporate,"18 months"
00416,Miami,FL,33130,4BR+,3961,LLC,"12 months"
00417,Nashville,TN,37206,4BR+,7172,"Property Management Co","12 months"
00418,Seattle,WA,98101,2BR,3450,Corporate,"12 months"
00419,Bellevue,WA,98004,Studio,1924,LLC,"24 months"
00420,Washington,DC,20009,4BR+,5656,Corporate,"24 months"
00421,Chicago,IL,60647,2BR,2267,Individual,"6 months"
00422,Arlington,VA,22201,Studio,1070,Corporate,"24 months"
00423,"Fort Lauderdale",FL,33301,4BR+,7461,"Property Management Co","6 months"
00424,Houston,TX,77025,Studio,1377,REIT,"12 months"
00425,Nashville,TN,37201,2BR,1608,Corporate,"12 months"
00426,Scottsdale,AZ,85251,3BR,5450,"Property Management Co","6 months"
00427,Miami,FL,33101,2BR,1670,LLC,"6 months"
00429,"Los Angeles",CA,90036,4BR+,5763,"Property Management Co","18 months"
00430,Tempe,AZ,85281,2BR,2242,"Property Management Co","12 months"
00431,Brooklyn,NY,11201,2BR,3595,LLC,"18 months"
00432,"San Francisco",CA,94102,Studio,2931,REIT,"12 months"
00433,"New York",NY,10002,4BR+,4959,Corporate,"18 months"
00434,Boston,MA,02101,3BR,3675,Individual,"6 months"
00435,Scottsdale,AZ,85251,Studio,1731,Corporate,"12 months"
00436,Denver,CO,80205,3BR,3702,Corporate,"12 months"
00437,Denver,CO,80201,1BR,2735,"Property Management Co","12 months"
00439,Austin,TX,78701,2BR,1942,REIT,"12 months"
00441,"Los Angeles",CA,90025,3BR,5609,Corporate,"12 months"
00442,"New York",NY,10002,2BR,3165,Corporate,"24 months"
00443,Portland,OR,97201,3BR,4741,"Property Management Co","12 months"
00444,Houston,TX,77025,3BR,3001,REIT,"24 months"
00445,Miami,FL,33101,Studio,1649,"Property Management Co","12 months"
00447,"New York",NY,10002,4BR+,4810,"Property Management Co","12 months"
00448,Washington,DC,20009,Studio,2107,,"12 months"
00449,Bellevue,WA,98004,3BR,2241,Individual,"12 months"
00450,Houston,TX,77019,2BR,1720,"Property Management Co","24 months"
00451,"Fort Lauderdale",FL,33301,3BR,5452,Individual,"12 months"
00452,Oakland,CA,94601,studio,4473,Corporate,"12 months"
00453,Oakland,CA,94601,1BR,1990,"Property Management Co","12 months"
00454,Oakland,CA,94601,2BR,2568,Individual,"12 months"
00455,Bellevue,WA,98004,2BR,3879,Individual,"12 months"
00456,Queens,NY,11101,1BR,1120,Corporate,"18 months"
00457,Aurora,CO,80010,3BR,4361,Corporate,"12 months"
00458,Brooklyn,NY,11201,1BR,2977,Individual,"18 months"
00459,Tempe,AZ,85281,1BR,1869,,"18 months"
00460,Queens,NY,11101,2BR,2216,REIT,"6 months"
00461,Arlington,VA,22201,1BR,1999,REIT,"12 months"
00462,Oakland,CA,94601,2BR,2358,"Property Management Co","6 months"
00463,Oakland,CA,94601,2BR,3600,REIT,"12 months"
00464,Cambridge,MA,02139,3BR,5108,Corporate,"12 months"
00465,Cambridge,MA,02139,1BR,1893,"Property Management Co","18 months"
00466,Portland,OR,972XX,2BR,3375,LLC,"12 months"
00467,"New York",NY,10001,3BR,8371,LLC,"24 months"
00468,Houston,TX,77001,3BR,3096,REIT,"12 months"
00469,Aurora,CO,80010,4BR+,5435,REIT,"12 months"
00470,"New York",NY,10002,4BR+,6226,"Property Management Co","12 months"
00471,Brooklyn,NY,11201,Studio,1368,LLC,"24 months"
00472,Chicago,IL,60601,2BR,1626,Individual,"18 months"
00473,Miami,FL,33130,4BR+,4009,Individual,"12 months"
00475,Chicago,IL,60614,2BR,2463,REIT,"12 months"
00476,Oakland,CA,94601,1BR,3176,Individual,"24 months"
00477,Miami,FL,33101,Studio,1156,"Property Management Co","12 months"
00478,Scottsdale,AZ,85251,3BR,3024,"Property Management Co","24 months"
00479,Arlington,VA,22201,4BR+,6880,Individual,"6 months"
00481,Aurora,CO,80010,2BR,1843,Individual,"18 months"
00482,Phoenix,AZ,85001,1BR,1270,Corporate,"18 months"
00483,Phoenix,AZ,85001,Studio,1592,Individual,"18 months"
00484,"San Francisco",CA,94102,Studio,1245,Individual,"12 months"
00485,Houston,TX,77025,3BR,3398,Corporate,"12 months"
00486,"Los Angeles",CA,900XX,2BR,2562,LLC,"12 months"
00487,Houston,TX,77019,3BR,2414,Individual,"24 months"
00488,Brooklyn,NY,11201,Studio,2899,REIT,"18 months"
00490,Houston,TX,77019,3BR,5874,Individual,"12 months"
00492,Chicago,IL,60601,Studio,1468,REIT,"12 months"
00493,Denver,CO,80201,4BR+,8318,Individual,"12 months"
00494,Houston,TX,77001,4BR+,5965,"Property Management Co","12 months"
00495,Atlanta,GA,30308,1BR,1665,Corporate,"12 months"
00496,"Los Angeles",CA,90001,1BR,2867,REIT,"24 months"
00497,Boston,MA,02115,3BR,3384,"Property Management Co","6 months"
00498,Houston,TX,77025,2BR,1797,Corporate,"12 months"
00499,Seattle,WA,98101,1BR,3418,Individual,"6 months"
00500,Scottsdale,AZ,85251,Studio,1556,Corporate,"6 months"
00501,Houston,TX,77025,Studio,1469,LLC,"12 months"
00502,"Los Angeles",CA,90036,4BR+,5173,,"6 months"
00503,Aurora,CO,80010,2BR,4184,LLC,"12 months"
00505,Brooklyn,NY,11201,4BR+,9552,LLC,"18 months"
00506,Washington,DC,20001,2BR,1686,Corporate,"18 months"
00507,Miami,FL,33101,Studio,873,"Property Management Co","24 months"
00508,Aurora,CO,80010,Studio,830,LLC,"12 months"
00510,Queens,NY,11101,Studio,1948,REIT,"12 months"
00511,"New York",NY,10001,2BR,5751,Individual,"6 months"
00512,"New York",NY,10003,3BR,8233,LLC,"18 months"
00513,Nashville,TN,37206,1BR,2620,Individual,"12 months"
00514,Boston,MA,02101,Studio,925,LLC,"12 months"
00516,Houston,TX,77025,1BR,1700,"Property Management Co","18 months"
00517,Bellevue,WA,98004,4BR+,5275,,"12 months"
00518,Houston,TX,77019,4BR+,4466,Individual,"12 months"
00519,"New York",NY,10003,2BR,5914,,"12 months"
00520,Queens,NY,11101,3BR,4811,LLC,"12 months"
00521,Aurora,CO,80010,"2 bed",933,Individual,"12 months"
00522,Queens,NY,11101,Studio,985,Corporate,"12 months"
00524,Houston,TX,77019,3BR,3601,"Property Management Co","24 months"
00525,"San Francisco",CA,94110,Studio,2190,LLC,"12 months"
00526,Miami,FL,33130,2BR,3576,REIT,"18 months"
00527,"Los Angeles",CA,90036,1BR,2464,Corporate,"12 months"
00528,"New York",NY,10001,3BR,6192,REIT,"18 months"
00529,Brooklyn,NY,112XX,2BR,3762,Individual,"12 months"
00531,Denver,CO,80201,3BR,4945,LLC,"18 months"
00532,Denver,CO,80201,Studio,1107,REIT,"6 months"
00533,Atlanta,GA,30308,2BR,3061,Corporate,"24 months"
00534,Washington,DC,20001,1BR,2977,,"6 months"
00535,Austin,TX,78701,Studio,1192,Individual,"12 months"
00536,Houston,TX,770XX,Studio,1648,LLC,"18 months"
00537,"New York",NY,10001,2BR,4527,"Property Management Co","18 months"
00539,"Los Angeles",CA,90001,3BR,4537,REIT,"12 months"
00541,Oakland,CA,946XX,4BR+,5047,Corporate,"24 months"
00542,Houston,TX,77001,2BR,1865,Corporate,"24 months"
00543,Nashville,TN,37206,3BR,2488,"Property Management Co","24 months"
00544,Tempe,AZ,85281,3BR,2797,Individual,"12 months"
00545,Boston,MA,02101,2BR,3444,Corporate,"12 months"
00546,Chicago,IL,606XX,1BR,2297,Corporate,"12 months"
00547,Atlanta,GA,30301,2BR,4255,Individual,"24 months"
00548,"New York",NY,10001,4BR+,4903,LLC,"24 months"
00549,Arlington,VA,22201,1BR,2968,LLC,"24 months"
00550,Brooklyn,NY,11205,1BR,2364,Corporate,"6 months"
00551,Miami,FL,33130,3BR,4785,Corporate,"12 months"
00552,Brooklyn,NY,11205,3BR,8985,REIT,"12 months"
00553,Houston,TX,77001,3BR,4913,Corporate,"12 months"
00555,Decatur,GA,30030,1BR,3160,"Property Management Co","6 months"
00556,Washington,DC,20009,2BR,3394,Individual,"12 months"
00557,Decatur,GA,30030,4BR+,3557,REIT,"24 months"
00558,"New York",NY,10002,1BR,4173,REIT,"6 months"
00559,Decatur,GA,30030,Studio,1889,REIT,"24 months"
00562,Austin,TX,78704,Studio,1568,Individual,"12 months"
00563,Bellevue,WA,98004,3BR,5475,Individual,"6 months"
00564,Arlington,VA,22201,3BR,5188,REIT,"18 months"
00565,Chicago,IL,606XX,1BR,1548,Corporate,"24 months"
00566,Atlanta,GA,30301,1BR,1510,,"12 months"
00567,Washington,DC,20001,Studio,1778,REIT,"18 months"
00568,"Fort Lauderdale",FL,33301,1BR,2828,Corporate,"12 months"
00569,Houston,TX,77001,4BR+,8089,LLC,"12 months"
00570,Brooklyn,NY,11205,2BR,5737,LLC,"12 months"
00571,"New York",NY,10002,1BR,2581,LLC,"18 months"
00572,Austin,TX,78701,1BR,1300,LLC,"12 months"
00573,Phoenix,AZ,85001,1BR,2702,Corporate,"24 months"
00574,"Los Angeles",CA,90025,4BR+,6859,Individual,"18 months"
00575,Chicago,IL,60614,3BR,2622,REIT,"12 months"
00576,Aurora,CO,80010,2BR,1652,LLC,"18 months"
00577,Arlington,VA,22201,Studio,1978,Individual,"6 months"
00578,Houston,TX,77019,4BR+,3809,Individual,"12 months"
00579,Houston,TX,77019,4BR+,5855,Individual,"12 months"
00580,Houston,TX,77001,2BR,2980,Corporate,"24 months"
00583,Miami,FL,33130,3BR,3511,LLC,"18 months"
00584,Houston,TX,77025,2BR,3505,REIT,"6 months"
00585,"Fort Lauderdale",FL,33301,4BR+,6529,"Property Management Co","6 months"
00586,Washington,DC,20001,Studio,1533,Individual,"24 months"
00588,Oakland,CA,94601,Studio,1940,Corporate,"12 months"
00589,"Los Angeles",CA,90001,1BR,2632,Individual,"12 months"
00590,"San Francisco",CA,94110,4BR+,11914,REIT,"12 months"
00591,Brooklyn,NY,11201,3BR,3858,REIT,"12 months"
00592,"New York",NY,10002,3BR,6273,LLC,"6 months"
00593,Brooklyn,NY,11201,2BR,4560,Corporate,"18 months"
00595,Seattle,WA,98103,1BR,3324,Corporate,"12 months"
00596,Brooklyn,NY,11205,1BR,3660,Corporate,"6 months"
00597,Phoenix,AZ,85001,3BR,2355,Corporate,"12 months"
00598,Boston,MA,02101,2BR,3492,Corporate,"12 months"
00600,Atlanta,GA,30308,Studio,840,LLC,"12 months"
00601,Denver,CO,80201,2BR,1685,"Property Management Co","12 months"
00602,Nashville,TN,37201,3BR,3088,"Property Management Co","18 months"
00603,Aurora,CO,800XX,Studio,1208,Corporate,"12 months"
00604,Bellevue,WA,98004,3BR,3495,Individual,"12 months"
00605,Seattle,WA,98103,Studio,2314,Corporate,"24 months"
00606,Miami,FL,331XX,Studio,2159,Individual,"6 months"
00607,Cambridge,MA,02139,Studio,1162,Individual,"12 months"
00609,Seattle,WA,98103,3BR,5685,REIT,"12 months"
00611,"San Antonio",TX,78201,2BR,4109,"Property Management Co","24 months"
00612,Scottsdale,AZ,85251,4BR+,7848,Individual,"24 months"
00613,"San Francisco",CA,94110,2BR,5512,REIT,"6 months"
00614,Nashville,TN,37206,3BR,4609,REIT,"24 months"
00615,Boston,MA,02115,3BR,5982,Corporate,"12 months"
00616,Chicago,IL,60601,4BR+,6205,"Property Management Co","6 months"
00617,Brooklyn,NY,11205,2BR,3268,Corporate,"12 months"
00618,Cambridge,MA,02139,4BR+,6031,REIT,"12 months"
00619,"San Francisco",CA,94110,4BR+,10272,REIT,"12 months"
00621,Houston,TX,77001,4BR+,6080,Corporate,"12 months"
00626,Portland,OR,97201,Studio,1991,REIT,"6 months"
00627,Austin,TX,78704,4BR+,4514,REIT,"12 months"
00628,Houston,TX,77019,4BR+,4482,Corporate,"6 months"
00629,"Fort Lauderdale",FL,33301,Studio,1421,Individual,"12 months"
00631,Chicago,IL,60647,studio,1981,"Property Management Co","24 months"
00632,Brooklyn,NY,11201,2BR,6073,REIT,"24 months"
00633,Atlanta,GA,30308,3BR,4666,Corporate,"18 months"
00634,"Los Angeles",CA,90036,1BR,1434,"Property Management Co","12 months"
00635,Atlanta,GA,30301,3BR,5017,REIT,"6 months"
00636,Houston,TX,77001,Studio,833,"Property Management Co","12 months"
00637,Washington,DC,20009,4BR+,3258,"Property Management Co","6 months"
00638,Phoenix,AZ,85001,2BR,1939,"Property Management Co","6 months"
00639,Tempe,AZ,85281,3BR,4097,LLC,"6 months"
00640,Houston,TX,77001,3BR,3786,Individual,"18 months"
00642,"Los Angeles",CA,90036,Studio,849,Corporate,"12 months"
00645,Austin,TX,78704,4BR+,7174,Corporate,"12 months"
00646,Arlington,VA,22201,2BR,2862,"Property Management Co","12 months"
00647,Washington,DC,20009,2BR,4034,Corporate,"12 months"
00648,Nashville,TN,37206,2BR,2437,Corporate,"12 months"
00649,Chicago,IL,60601,2BR,2634,LLC,"12 months"
00651,Boston,MA,02101,4BR+,4888,Corporate,"12 months"
00652,Queens,"NY ",11101,4BR+,3783,LLC,"6 months"
00654,Nashville,TN,37206,3BR,3092,Individual,"12 months"
00655,"New York",NY,10002,3BR,3849,"Property Management Co","6 months"
00656,Washington,DC,20001,4BR+,5090,LLC,"12 months"
00657,Chicago,IL,60614,1BR,1900,Individual,"6 months"
00659,"San Antonio",TX,78201,4BR+,6308,LLC,"18 months"
00660,Cambridge,MA,02139,2BR,3167,REIT,"12 months"
00661,Scottsdale,AZ,85251,3BR,5814,"Property Management Co","6 months"
00662,Phoenix,AZ,850XX,Studio,1521,"Property Management Co","18 months"
00664,Houston,TX,77025,Studio,890,REIT,"12 months"
00665,Nashville,TN,37206,3BR,4082,LLC,"12 months"
00666,Houston,TX,77025,Studio,1688,Corporate,"12 months"
00667,Aurora,CO,80010,3BR,2532,REIT,"12 months"
00668,Denver,CO,80205,4BR+,4926,,"24 months"
00669,Chicago,IL,60601,Studio,804,Individual,"12 months"
00671,Austin,TX,78704,2BR,2802,Corporate,"12 months"
00672,Boston,MA,02101,2BR,3572,REIT,"12 months"
00673,"San Antonio",TX,78201,3BR,5541,Individual,"12 months"
00674,Tempe,AZ,85281,4BR+,4478,LLC,"24 months"
00675,Tempe,AZ,85281,2BR,3765,"Property Management Co","18 months"
00676,"San Francisco",CA,94102,1BR,3018,"Property Management Co","18 months"
00678,Phoenix,AZ,85001,Studio,1003,Individual,"6 months"
00679,"Fort Lauderdale",FL,33301,1BR,2948,Corporate,"18 months"
00680,Queens,NY,11101,Studio,1132,Corporate,"24 months"
00681,Brooklyn,NY,11205,1BR,4686,REIT,"6 months"
00682,Oakland,CA,94601,4BR+,6878,Individual,"12 months"
00683,Portland,OR,97201,2BR,2749,Individual,"12 months"
00684,"Los Angeles",CA,90025,Studio,1341,LLC,"6 months"
00685,Denver,CO,80205,Studio,1438,REIT,"12 months"
00686,Chicago,IL,60647,4BR+,4037,"Property Management Co","12 months"
00687,Houston,TX,77001,studio,7839,Corporate,"24 months"
00688,"San Francisco",CA,94110,Studio,3261,Individual,"24 months"
00690,"San Antonio",TX,78201,1BR,1344,REIT,"12 months"
00692,"New York",NY,10002,Studio,2941,,"12 months"
00693,"San Francisco",CA,94102,2BR,3588,Individual,"12 months"
00695,Houston,TX,77019,1BR,1496,LLC,"24 months"
00696,"Fort Lauderdale",FL,33301,4BR+,4772,"Property Management Co","24 months"
00697,"San Francisco",CA,94102,Studio,3249,Corporate,"6 months"
00698,Chicago,IL,60614,3BR,3734,LLC,"18 months"
00699,Boston,MA,02101,3BR,3940,LLC,"12 months"
00700,Brooklyn,NY,11201,1BR,2344,LLC,"18 months"
00701,Atlanta,GA,30308,Studio,1331,LLC,"12 months"
00702,"New York",NY,10002,Studio,1234,"Property Management Co","24 months"
00703,Oakland,CA,94601,Studio,1106,Individual,"12 months"
00704,Denver,CO,80201,3BR,4114,"Property Management Co","18 months"
00705,Houston,TX,77025,2BR,3099,LLC,"18 months"
00706,Chicago,IL,60647,1BR,1348,Corporate,"12 months"
00708,Atlanta,GA,30301,3BR,5387,Corporate,"18 months"
00709,Nashville,TN,37206,1BR,1885,Corporate,"12 months"
00711,"Los Angeles",CA,90001,Studio,993,"Property Management Co","18 months"
00712,Tempe,AZ,852XX,studio,4091,"Property Management Co","12 months"
00713,Portland,OR,97201,3BR,5078,REIT,"6 months"
00714,Atlanta,GA,30301,4BR+,4850,LLC,"12 months"
00715,Brooklyn,NY,11205,Studio,1983,Individual,"6 months"
00716,"New York",NY,10003,1BR,2898,REIT,"12 months"
00717,Austin,TX,78701,4BR+,6975,Individual,"12 months"
00718,Phoenix,AZ,85001,4BR+,4736,LLC,"12 months"
00719,"New York",NY,10002,3BR,7945,LLC,"12 months"
00720,Queens,NY,11101,4BR+,5999,Corporate,"12 months"
00721,Seattle,WA,98101,1BR,4132,Corporate,"12 months"
00723,Boston,MA,02115,4BR+,5179,Corporate,"6 months"
00724,Miami,FL,33130,1BR,2732,,"12 months"
00725,Brooklyn,NY,11205,Studio,1558,Individual,"12 months"
00726,Aurora,CO,,1BR,1902,"Property Management Co","24 months"
00727,"Los Angeles",CA,90036,4BR+,3754,Individual,"12 months"
00729,"Los Angeles",CA,90025,1BR,2074,Corporate,"12 months"
00730,Tempe,AZ,85281,Studio,993,Corporate,"18 months"
00731,Atlanta,GA,30308,1BR,1892,Corporate,"12 months"
00733,Cambridge,MA,02139,Studio,1570,Individual,"18 months"
00734,Arlington,VA,22201,1BR,1668,Individual,"18 months"
00735,Portland,OR,97201,1BR,2874,"Property Management Co","6 months"
00736,Portland,OR,97201,3BR,3163,Individual,"12 months"
00737,Denver,CO,80201,4BR+,4260,Corporate,"6 months"
00738,Nashville,TN,37201,2BR,4137,"Property Management Co","18 months"
00739,Seattle,WA,98101,1BR,3165,Individual,"24 months"
00740,Phoenix,AZ,85001,1BR,2693,"Property Management Co","12 months"
00741,Decatur,GA,30030,2BR,3597,"Property Management Co","24 months"
00742,Boston,MA,02101,4BR+,5983,"Property Management Co","12 months"
00743,Bellevue,WA,98004,Studio,832,"Property Management Co","6 months"
00744,"Fort Lauderdale",FL,33301,2BR,3706,LLC,"12 months"
00745,"Los Angeles",CA,90036,3BR,5234,REIT,"12 months"
00746,"New York",NY,10002,1BR,1891,REIT,"18 months"
00747,Houston,TX,77019,3BR,2611,Corporate,"12 months"
00748,Arlington,VA,22201,3BR,3700,Corporate,"24 months"
00749,"New York",NY,10001,2BR,2761,Individual,"12 months"
00750,"San Antonio",TX,78201,2BR,3902,LLC,"12 months"
00751,Austin,TX,78704,Studio,2121,LLC,"12 months"
00752,"Los Angeles",CA,90001,3BR,3441,REIT,"24 months"
00753,Scottsdale,AZ,85251,1BR,2710,LLC,"12 months"
00754,Brooklyn,NY,11201,studio,5637,REIT,"6 months"
00755,"New York",NY,10003,2BR,6126,LLC,"6 months"
00757,"San Francisco",CA,94110,2BR,2967,Corporate,"12 months"
00758,Denver,CO,80205,Studio,2096,"Property Management Co","24 months"
00759,"New York",NY,10003,3BR,7861,,"18 months"
00761,Boston,MA,021XX,3BR,5131,REIT,"12 months"
00762,Houston,TX,77019,Studio,1331,Individual,"12 months"
00763,Seattle,WA,98101,4BR+,7707,"Property Management Co","12 months"
00764,Seattle,WA,98103,studio,8776,Individual,"24 months"
00765,Aurora,CO,80010,4BR+,5262,Individual,"6 months"
00767,Austin,TX,78701,1BR,2555,"Property Management Co","6 months"
00769,"New York",NY,10002,2BR,5740,LLC,"12 months"
00770,Denver,CO,80205,4BR+,8308,Corporate,"12 months"
00771,Houston,TX,77025,1BR,2889,Corporate,"6 months"
00772,Tempe,AZ,85281,3BR,2564,Individual,"18 months"
00773,Oakland,CA,94601,4BR+,3917,LLC,"6 months"
00774,Austin,TX,787XX,2BR,3939,Corporate,"12 months"
00775,Queens,NY,11101,Studio,1123,"Property Management Co","12 months"
00776,"Los Angeles",CA,90025,2BR,2060,Individual,"24 months"
00777,Nashville,TN,37201,3BR,2385,Corporate,"12 months"
00778,Chicago,IL,60601,1BR,2095,"Property Management Co","18 months"
00779,Austin,TX,78704,4BR+,8105,Corporate,"12 months"
00780,Phoenix,AZ,85001,3BR,3218,"Property Management Co","24 months"
00782,Denver,CO,80205,3BR,3312,LLC,"18 months"
00783,Decatur,GA,30030,3BR,4523,Corporate,"12 months"
00784,Portland,OR,97201,3BR,2488,Corporate,"6 months"
00785,Denver,CO,80201,3BR,4633,LLC,"12 months"
00786,Miami,FL,33130,1BR,2372,Individual,"12 months"
00787,Denver,CO,80201,1BR,1854,Corporate,"12 months"
00789,Atlanta,GA,30308,Studio,1021,REIT,"12 months"
00790,Washington,DC,20009,3BR,5966,REIT,"18 months"
00791,Chicago,IL,60647,2BR,4351,Corporate,"12 months"
00792,Austin,TX,78704,2BR,4394,LLC,"12 months"
00793,"New York",NY,10001,4BR+,9255,Corporate,"6 months"
00794,"New York",NY,10003,Studio,2781,LLC,"18 months"
00795,Washington,DC,20001,1BR,1538,"Property Management Co","18 months"
00796,Tempe,AZ,85281,1BR,1349,LLC,"12 months"
00797,Houston,TX,77019,4BR+,4333,LLC,"24 months"
00799,Phoenix,AZ,85001,3BR,2542,LLC,"18 months"
00800,Arlington,VA,22201,1BR,2389,,"12 months"
00801,Brooklyn,NY,11205,2BR,5077,Corporate,"6 months"
00803,Houston,TX,77025,4BR+,8410,Individual,"12 months"
00804,Austin,TX,78701,2BR,3157,"Property Management Co","12 months"
00805,Scottsdale,AZ,85251,2BR,1905,"Property Management Co","24 months"
00806,Miami,FL,33130,2BR,2031,Individual,"12 months"
00807,Houston,TX,77025,2BR,1816,"Property Management Co","24 months"
00808,Austin,TX,78704,1BR,1658,Individual,"6 months"
00809,Nashville,TN,37201,Studio,1445,Individual,"18 months"
00810,"San Francisco",CA,94102,2BR,6694,"Property Management Co","24 months"
00811,Tempe,AZ,85281,1BR,1928,Individual,"12 months"
00812,Austin,TX,78704,2BR,2981,REIT,"12 months"
00813,Bellevue,WA,98004,1BR,2320,"Property Management Co","18 months"
00814,"New York",NY,10003,4BR+,10561,LLC,"24 months"
00815,Austin,TX,78704,studio,4796,Corporate,"12 months"
00817,"Los Angeles",CA,90001,3BR,4636,REIT,"6 months"
00818,Houston,TX,77019,4BR+,4032,Corporate,"18 months"
00819,Boston,MA,02115,2BR,4409,LLC,"12 months"
00820,"New York",NY,10003,1BR,4726,,"6 months"
00821,Houston,TX,77019,1BR,2525,LLC,"12 months"
00822,"Los Angeles",CA,900XX,Studio,831,Corporate,"12 months"
00823,"Los Angeles",CA,90036,4BR+,6739,"Property Management Co","12 months"
00824,Aurora,CO,80010,1BR,1679,Corporate,"24 months"
00825,Chicago,IL,60614,Studio,2125,LLC,"12 months"
00826,Portland,OR,97201,3BR,4477,LLC,"18 months"
00827,"Fort Lauderdale",FL,33301,2BR,4292,Corporate,"12 months"
00828,Scottsdale,AZ,,studio,2139,Individual,"12 months"
00829,"Los Angeles",CA,90036,studio,5048,LLC,"18 months"
00830,"Los Angeles",CA,90001,4BR+,3581,Corporate,"6 months"
00831,Miami,FL,,1BR,2230,"Property Management Co","6 months"
00832,Denver,CO,80201,1BR,1726,Corporate,"18 months"
00833,Aurora,CO,80010,2BR,4251,Corporate,"12 months"
00834,Nashville,TN,37206,1BR,1260,LLC,"12 months"
00836,"Fort Lauderdale",FL,33301,2BR,4425,Corporate,"12 months"
00837,Denver,"CO ",80205,3BR,5505,LLC,"12 months"
00838,Denver,CO,80205,4BR+,6123,Individual,"24 months"
00839,Miami,FL,33130,4BR+,4289,Individual,"24 months"
00840,"Los Angeles",CA,90025,3BR,2781,Corporate,"24 months"
00841,Arlington,VA,22201,3BR,2994,Corporate,"12 months"
00843,"Los Angeles",CA,90036,Studio,1433,Individual,"12 months"
00844,Washington,DC,20001,2BR,3722,Corporate,"12 months"
00845,Houston,TX,77025,4BR+,5978,Individual,"18 months"
00846,Scottsdale,AZ,85251,Studio,1835,Corporate,"12 months"
00847,Miami,FL,33130,4BR+,5656,Individual,"12 months"
00848,Decatur,GA,30030,4BR+,5897,Corporate,"12 months"
00849,Nashville,TN,37206,3BR,2225,"Property Management Co","24 months"
00850,Denver,CO,80205,1BR,3039,REIT,"12 months"
00851,"Fort Lauderdale","FL ",33301,Studio,1966,"Property Management Co","24 months"
00852,Scottsdale,AZ,85251,Studio,1078,"Property Management Co","12 months"
00854,Queens,NY,11101,3BR,2326,"Property Management Co","12 months"
00855,Phoenix,AZ,85001,Studio,902,Corporate,"12 months"
00856,Boston,MA,02101,Studio,847,LLC,"12 months"
00857,Houston,TX,77019,Studio,1559,LLC,"12 months"
00858,Seattle,WA,98101,3BR,5133,LLC,"12 months"
00859,"Fort Lauderdale",FL,33301,4BR+,5208,Corporate,"18 months"
00860,"San Francisco",CA,94110,2BR,3367,REIT,"12 months"
00861,Phoenix,AZ,85001,"2 bed",3083,Individual,"18 months"
00862,Oakland,CA,94601,3BR,3581,LLC,"12 months"
00863,Queens,NY,11101,Studio,1256,Corporate,"24 months"
00865,Houston,TX,77001,Studio,1418,Corporate,"12 months"
00866,"New York",NY,10001,1BR,2475,"Property Management Co","12 months"
00868,"New York",NY,10003,1BR,3468,"Property Management Co","18 months"
00869,"San Antonio",TX,78201,Studio,1775,"Property Management Co","12 months"
00870,Oakland,CA,94601,Studio,1997,Corporate,"18 months"
00871,"New York",NY,10003,1BR,4204,REIT,"12 months"
00872,Oakland,CA,94601,2BR,2017,Individual,"12 months"
00874,Cambridge,MA,02139,4BR+,5861,Corporate,"12 months"
00875,Chicago,IL,60647,3BR,5455,LLC,"6 months"
00876,Bellevue,WA,98004,3BR,4622,REIT,"12 months"
00877,Nashville,TN,37201,2BR,4247,Corporate,"6 months"
00878,Chicago,IL,60647,Studio,1562,REIT,"12 months"
00879,Nashville,TN,37206,Studio,887,"Property Management Co","12 months"
00880,Seattle,WA,98101,1BR,2515,"Property Management Co","6 months"
00881,Phoenix,AZ,85001,4BR+,7992,"Property Management Co","6 months"
00882,"New York",NY,10001,2BR,5712,Individual,"18 months"
00883,Chicago,IL,60614,4BR+,6261,"Property Management Co","24 months"
00884,Queens,NY,11101,4BR+,6297,Corporate,"18 months"
00885,Tempe,AZ,85281,1BR,1865,"Property Management Co","12 months"
00886,"San Francisco",CA,94110,1BR,2266,LLC,"12 months"
00887,Nashville,TN,37201,3BR,5073,LLC,"18 months"
00888,"Fort Lauderdale",FL,33301,3BR,5223,"Property Management Co","18 months"
00889,Oakland,CA,94601,3BR,4490,Corporate,"12 months"
00890,"San Francisco",CA,94110,4BR+,11679,Individual,"12 months"
00891,Decatur,GA,300XX,4BR+,5216,"Property Management Co","24 months"
00894,Washington,DC,20009,1BR,2625,"Property Management Co","12 months"
00895,Chicago,"IL ",60601,1BR,2425,REIT,"12 months"
00896,Seattle,WA,98103,4BR+,7237,Individual,"12 months"
00897,"Los Angeles",CA,90036,1BR,1378,REIT,"12 months"
00898,Nashville,TN,37206,2BR,2015,Individual,"12 months"
00899,Washington,DC,20009,1BR,1678,REIT,"12 months"
00900,Tempe,AZ,85281,4BR+,7340,LLC,"12 months"
00901,Atlanta,GA,30308,3BR,5588,"Property Management Co","6 months"
00902,Boston,MA,02115,3BR,3343,Corporate,"12 months"
00903,Miami,FL,331XX,2BR,4424,Individual,"12 months"
00904,Chicago,IL,60614,2BR,3707,REIT,"18 months"
00906,Boston,MA,02101,4BR+,5692,Individual,"18 months"
00907,"Los Angeles",CA,90025,Studio,1983,Corporate,"12 months"
00909,"San Francisco",CA,94110,Studio,1231,Individual,"6 months"
00910,"Los Angeles",CA,90036,2BR,2446,"Property Management Co","6 months"
00911,"New York",NY,10001,2BR,5043,Individual,"18 months"
00912,"New York",NY,10003,1BR,3123,LLC,"24 months"
00913,Aurora,CO,80010,Studio,871,Individual,"12 months"
00914,"New York",NY,10001,2BR,4978,Individual,"12 months"
00915,Miami,FL,33130,4BR+,4418,REIT,"12 months"
00916,Houston,TX,77001,Studio,2114,"Property Management Co","12 months"
00917,Denver,CO,80205,2BR,1657,Corporate,"12 months"
00918,"New York",NY,100XX,2BR,3828,REIT,"12 months"
00919,Decatur,GA,30030,Studio,921,LLC,"12 months"
00920,Seattle,WA,98103,1BR,3429,Individual,"24 months"
00922,"San Francisco",CA,94102,Studio,1279,Individual,"12 months"
00923,Bellevue,WA,98004,2BR,3631,REIT,"24 months"
00924,Denver,CO,80205,Studio,1095,Corporate,"6 months"
00926,Bellevue,WA,98004,4BR+,6521,LLC,"6 months"
00928,Atlanta,GA,30301,1BR,1623,REIT,"12 months"
00929,Brooklyn,NY,,1BR,4669,REIT,"18 months"
00931,"New York",NY,10003,3BR,6637,LLC,"6 months"
00932,Miami,FL,33101,3BR,5814,,"12 months"
00933,Miami,FL,33101,2BR,1722,LLC,"24 months"
00934,Atlanta,GA,30308,Studio,1838,REIT,"12 months"
00936,Boston,MA,02115,4BR+,6256,LLC,"24 months"
00937,Chicago,IL,606XX,1BR,2849,REIT,"12 months"
00938,Austin,TX,78704,3BR,5580,REIT,"12 months"
00939,Atlanta,GA,303XX,1BR,2401,"Property Management Co","18 months"
00940,Austin,TX,78704,3BR,5707,LLC,"12 months"
00941,Miami,FL,33101,2BR,2859,REIT,"12 months"
00942,Nashville,TN,37201,2BR,2106,Corporate,"18 months"
00943,Chicago,IL,606XX,Studio,1881,REIT,"24 months"
00944,Chicago,IL,60647,1BR,1585,Individual,"12 months"
00946,Boston,MA,02115,4BR+,7766,"Property Management Co","6 months"
00947,Phoenix,AZ,85001,1BR,2917,LLC,"18 months"
00949,Chicago,IL,60614,2BR,2395,REIT,"12 months"
00950,Austin,TX,78704,2BR,4138,"Property Management Co","24 months"
00951,Atlanta,"GA ",30301,2BR,2467,LLC,"6 months"
00952,Chicago,IL,60601,Studio,1554,Individual,"12 months"
00953,Scottsdale,AZ,85251,3BR,4270,"Property Management Co","18 months"
00954,Cambridge,MA,02139,4BR+,5967,"Property Management Co","12 months"
00956,"New York",NY,10002,1BR,3471,Corporate,"6 months"
00957,Austin,TX,78704,3BR,2242,"Property Management Co","12 months"
00958,Atlanta,GA,30301,3BR,2413,Corporate,"18 months"
00959,Chicago,IL,60601,3BR,5906,"Property Management Co","6 months"
00960,"San Francisco",CA,94110,Studio,1941,Individual,"6 months"
00961,Scottsdale,AZ,85251,Studio,1666,"Property Management Co","12 months"
00963,Boston,MA,02101,Studio,867,"Property Management Co","18 months"
00964,"New York",NY,10003,3BR,4260,Corporate,"12 months"
00965,Houston,TX,77025,2BR,2822,Corporate,"12 months"
00966,"New York","NY ",10002,3BR,5971,Corporate,"12 months"
00967,Seattle,"WA ",98103,1BR,1849,Individual,"6 months"
00968,"Los Angeles",CA,90025,4BR+,3273,REIT,"6 months"
00969,Atlanta,GA,30308,Studio,1510,Individual,"12 months"
00970,"San Antonio",TX,78201,2BR,2738,"Property Management Co","12 months"
00972,Atlanta,GA,30308,2BR,2707,Individual,"12 months"
00973,"San Francisco",CA,94110,3BR,6163,REIT,"24 months"
00974,"New York",NY,10001,2BR,5425,LLC,"24 months"
00975,Seattle,WA,98101,3BR,5349,Corporate,"12 months"
00976,Phoenix,AZ,85001,1BR,1789,LLC,"12 months"
00979,Houston,TX,77025,1BR,1922,LLC,"12 months"
00980,Denver,CO,80205,Studio,1656,Corporate,"12 months"
00982,Portland,OR,97201,1BR,2297,LLC,"12 months"
00983,Seattle,WA,98101,4BR+,7783,Individual,"12 months"
00984,Denver,CO,802XX,1BR,1269,REIT,"12 months"
00985,Miami,FL,33101,2BR,1733,LLC,"12 months"
00986,Queens,NY,11101,4BR+,6392,LLC,"6 months"
00988,"Fort Lauderdale",FL,33301,3BR,3065,Corporate,"6 months"
00989,Washington,DC,20001,Studio,1848,Corporate,"12 months"
00990,"New York",NY,10002,2BR,2533,"Property Management Co","12 months"
00991,Brooklyn,NY,11201,Studio,2434,"Property Management Co","12 months"
00992,Houston,TX,77025,3BR,4386,Individual,"24 months"
00993,Oakland,CA,94601,Studio,1031,LLC,"24 months"
00994,"Fort Lauderdale",FL,33301,1BR,1700,REIT,"6 months"
00995,"Los Angeles",CA,90001,3BR,5972,"Property Management Co","18 months"
00996,Washington,DC,20009,4BR+,6294,Individual,"12 months"
00998,Miami,FL,33101,4BR+,4435,LLC,"24 months"
00999,Seattle,"WA ",98101,1BR,2646,"Property Management Co","24 months"
01000,Austin,TX,78704,Studio,1070,"Property Management Co","12 months"
01001,Portland,OR,97201,2BR,2086,"Property Management Co","12 months"
01002,Seattle,WA,98101,4BR+,8313,LLC,"12 months"
01003,"San Francisco",CA,94102,4BR+,8736,"Property Management Co","12 months"
01004,Austin,TX,78704,4BR+,5466,Corporate,"12 months"
01005,"New York",NY,10001,Studio,1213,Individual,"6 months"
01006,"New York",NY,10002,1BR,4695,Corporate,"24 months"
01008,Denver,CO,80205,4BR+,8397,REIT,"12 months"
01009,Scottsdale,AZ,85251,2BR,2902,REIT,"24 months"
01011,"Fort Lauderdale",FL,33301,3BR,5271,LLC,"24 months"
01012,Decatur,GA,30030,2BR,4447,REIT,"24 months"
01013,"Los Angeles",CA,90001,"1 bed",2711,Individual,"6 months"
01015,"New York",NY,10002,3BR,5706,Corporate,"6 months"
01016,Tempe,AZ,85281,4BR+,7141,REIT,"12 months"
01017,Denver,CO,80201,3BR,4400,Corporate,"24 months"
01018,"New York",NY,10001,3BR,7668,"Property Management Co","18 months"
01019,"Fort Lauderdale",FL,333XX,3BR,2741,LLC,"12 months"
01020,"New York",NY,100XX,1BR,4114,REIT,"12 months"
01021,"San Francisco",CA,94110,Studio,3019,LLC,"12 months"
01022,"New York",NY,10003,Studio,3114,LLC,"12 months"
01023,Tempe,AZ,85281,Studio,1054,Corporate,"18 months"
01025,Cambridge,MA,02139,4BR+,4630,Corporate,"12 months"
01026,Austin,TX,78704,4BR+,5993,LLC,"12 months"
01027,"San Francisco",CA,94110,1BR,3678,Corporate,"6 months"
01029,Decatur,GA,30030,1BR,2083,Corporate,"12 months"
01031,Queens,NY,11101,2BR,2119,Corporate,"24 months"
01032,Chicago,IL,606XX,1BR,2940,,"12 months"
01033,Washington,DC,20001,2BR,2846,"Property Management Co","12 months"
01035,Bellevue,WA,98004,4BR+,4782,LLC,"12 months"
01036,"New York",NY,10001,2BR,3277,LLC,"6 months"
01038,"San Antonio",TX,78201,4BR+,7105,"Property Management Co","12 months"
01039,Portland,OR,97201,2BR,3241,"Property Management Co","18 months"
01040,Austin,TX,78704,1BR,2717,"Property Management Co","12 months"
01041,Bellevue,WA,98004,2BR,3042,Individual,"6 months"
01042,Chicago,IL,60601,1BR,2339,,"12 months"
01043,"New York",NY,10002,1BR,2841,LLC,"12 months"
01046,Arlington,VA,,Studio,1277,"Property Management Co","12 months"
01047,Washington,DC,20001,2BR,1873,LLC,"6 months"
01049,Denver,CO,80205,1BR,1975,REIT,"12 months"
01050,Miami,FL,33101,1BR,1691,"Property Management Co","24 months"
01051,Austin,TX,78704,Studio,2174,LLC,"6 months"
01052,Boston,MA,02115,4BR+,3475,"Property Management Co","12 months"
01053,Queens,NY,11101,1BR,2734,LLC,"18 months"
01054,"Los Angeles",CA,90036,Studio,2128,LLC,"18 months"
01055,Nashville,TN,37201,3BR,5895,Corporate,"12 months"
01056,Miami,FL,33101,Studio,1149,Corporate,"12 months"
01057,Tempe,AZ,85281,4BR+,3523,"Property Management Co","18 months"
01058,Oakland,CA,94601,Studio,876,"Property Management Co","12 months"
01059,Austin,TX,78701,2BR,3369,LLC,"6 months"
01060,Tempe,AZ,85281,3BR,2759,Individual,"18 months"
01061,Austin,TX,78701,3BR,3428,"Property Management Co","6 months"
01062,Boston,MA,02101,Studio,1130,Individual,"12 months"
01063,Seattle,WA,98101,Studio,1594,Corporate,"6 months"
01064,Oakland,CA,94601,3BR,2519,Corporate,"12 months"
01066,Denver,CO,80205,2BR,2173,"Property Management Co","12 months"
01067,Washington,DC,20009,1BR,2896,REIT,"12 months"
01068,Seattle,WA,98101,2BR,5355,Individual,"12 months"
01069,Boston,MA,02115,Studio,1034,"Property Management Co","12 months"
01070,Tempe,AZ,85281,Studio,922,Individual,"6 months"
01071,Washington,DC,,3BR,3433,Individual,"6 months"
01074,Cambridge,MA,02139,3BR,4916,"Property Management Co","24 months"
01075,Oakland,"CA ",94601,2BR,4382,"Property Management Co","18 months"
01076,Boston,MA,02115,1BR,2958,Individual,"12 months"
01077,"San Francisco",CA,94102,Studio,2020,LLC,"12 months"
01078,Denver,CO,80205,3BR,3053,"Property Management Co","12 months"
01081,"New York",NY,10002,3BR,5631,,"6 months"
01082,"Los Angeles",CA,90036,Studio,1384,REIT,"12 months"
01083,"San Francisco",CA,94110,4BR+,9358,LLC,"18 months"
01084,Houston,TX,77025,1BR,2003,Individual,"12 months"
01085,Houston,TX,77019,3BR,4890,"Property Management Co","6 months"
01086,"Los Angeles",CA,90001,3BR,4880,"Property Management Co","24 months"
01087,Brooklyn,NY,11205,4BR+,6273,Corporate,"24 months"
01088,"Los Angeles",CA,90001,3BR,5971,REIT,"24 months"
01089,"New York",NY,10001,1BR,2191,LLC,"6 months"
01090,Miami,FL,33101,4BR+,5471,Corporate,"18 months"
01091,Nashville,TN,37201,"2 bed",2472,Individual,"18 months"
01092,"Fort Lauderdale",FL,333XX,4BR+,7952,"Property Management Co","12 months"
01093,Chicago,IL,60647,3BR,2839,REIT,"12 months"
01096,Decatur,GA,30030,2BR,2534,LLC,"24 months"
01098,"Los Angeles",CA,90001,"1 bed",3876,"Property Management Co","24 months"
01099,Houston,TX,77025,"2 bed",2797,REIT,"6 months"
01100,Atlanta,GA,30308,2BR,3316,"Property Management Co","12 months"
01101,"New York",NY,10003,"2 bed",2425,"Property Management Co","12 months"
01102,"Fort Lauderdale",FL,33301,2BR,2338,Corporate,"12 months"
01103,Oakland,CA,94601,Studio,1470,Individual,"12 months"
01104,Nashville,TN,37206,4BR+,3676,LLC,"12 months"
01106,Houston,TX,77019,Studio,1272,REIT,"6 months"
01107,"New York",NY,10001,Studio,3184,REIT,"18 months"
01108,Chicago,IL,60601,1BR,2270,Corporate,"12 months"
01109,Houston,TX,77001,4BR+,7087,Corporate,"6 months"
01110,Aurora,CO,80010,Studio,2079,Corporate,"12 months"
01111,Brooklyn,NY,11205,"1 bed",3397,REIT,"24 months"
01112,Chicago,IL,60601,1BR,1948,LLC,"6 months"
01113,Boston,MA,02101,1BR,1671,REIT,"12 months"
01114,Boston,MA,02115,1BR,3102,LLC,"24 months"
01115,"Los Angeles",CA,90036,2BR,3969,Corporate,"18 months"
01116,Austin,TX,78704,4BR+,5206,"Property Management Co","6 months"
01117,Seattle,WA,98101,2BR,3240,Corporate,"12 months"
01119,"New York",NY,10002,Studio,3276,LLC,"24 months"
01120,Washington,DC,20009,Studio,1223,Individual,"6 months"
01121,"San Francisco",CA,94102,1BR,1956,Individual,"24 months"
01122,"New York",NY,10003,2BR,2775,LLC,"18 months"
01123,Brooklyn,NY,11201,1BR,1723,"Property Management Co","18 months"
01124,Portland,OR,97201,4BR+,3842,"Property Management Co","12 months"
01125,Aurora,CO,80010,Studio,1775,REIT,"18 months"
01128,Atlanta,GA,30308,3BR,5952,"Property Management Co","12 months"
01129,Bellevue,WA,98004,1BR,3164,Corporate,"24 months"
01130,Nashville,TN,37201,3BR,5616,Individual,"12 months"
01131,Houston,TX,77001,2BR,1671,Corporate,"18 months"
01133,Tempe,AZ,85281,Studio,1075,REIT,"18 months"
01134,Denver,CO,80205,3BR,3774,"Property Management Co","18 months"
01135,Chicago,IL,606XX,2BR,2680,Individual,"12 months"
01136,Queens,NY,11101,4BR+,4173,Corporate,"6 months"
01137,Brooklyn,NY,112XX,Studio,1315,Corporate,"18 months"
01138,Chicago,IL,60647,4BR+,4885,Individual,"6 months"
01139,Boston,MA,02115,4BR+,6751,Corporate,"12 months"
01140,Oakland,CA,94601,3BR,2771,,"24 months"
01141,"Los Angeles",CA,90001,4BR+,4026,Corporate,"12 months"
01142,Austin,TX,78701,3BR,5064,,"18 months"
01145,Arlington,VA,22201,2BR,4071,Individual,"24 months"
01146,Chicago,IL,60601,2BR,1861,Corporate,"24 months"
01148,Scottsdale,AZ,85251,Studio,2114,REIT,"24 months"
01149,Austin,TX,78701,4BR+,7211,"Property Management Co","12 months"
01150,Seattle,WA,98103,4BR+,12646,LLC,"24 months"
01151,Austin,TX,78701,4BR+,5503,Corporate,"24 months"
01152,"San Antonio",TX,78201,3BR,5659,Corporate,"6 months"
01153,Nashville,TN,37201,1BR,1485,REIT,"12 months"
01154,Nashville,TN,37201,2BR,2725,LLC,"24 months"
01155,Boston,MA,02115,2BR,1928,Corporate,"12 months"
01156,Chicago,IL,60647,4BR+,5027,"Property Management Co","18 months"
01157,Miami,FL,33130,4BR+,6213,REIT,"12 months"
01158,Boston,MA,02101,Studio,1475,REIT,"6 months"
01159,Chicago,IL,60601,2BR,3241,Corporate,"18 months"
01160,"New York",NY,10002,2BR,3591,Corporate,"24 months"
01161,"Los Angeles",CA,90001,2BR,2202,Individual,"6 months"
01162,Tempe,AZ,85281,3BR,2601,"Property Management Co","18 months"
01164,Oakland,CA,94601,2BR,3453,Individual,"18 months"
01165,Tempe,AZ,85281,Studio,891,Individual,"12 months"
01166,Chicago,IL,60647,Studio,1926,Individual,"18 months"
01168,Arlington,VA,22201,4BR+,4775,"Property Management Co","12 months"
01169,"Los Angeles",CA,90025,4BR+,3641,Individual,"12 months"
01170,Atlanta,GA,30308,1BR,2624,REIT,"12 months"
01171,Chicago,IL,60647,3BR,2203,LLC,"12 months"
01172,Miami,FL,33130,3BR,3482,,"12 months"
01173,Denver,CO,80205,1BR,2511,REIT,"18 months"
01175,"San Francisco",CA,94102,3BR,6987,Individual,"6 months"
01176,Austin,TX,78701,Studio,1808,"Property Management Co","12 months"
01177,Decatur,GA,30030,4BR+,4730,Individual,"24 months"
01178,Portland,OR,97201,1BR,2693,Individual,"12 months"
01179,Cambridge,MA,02139,4BR+,6449,Corporate,"12 months"
01180,Brooklyn,NY,11205,4BR+,5319,Individual,"12 months"
01181,Boston,MA,021XX,2BR,3872,LLC,"12 months"
01182,"San Francisco",CA,94110,4BR+,4894,"Property Management Co","18 months"
01183,Phoenix,AZ,85001,1BR,2954,REIT,"12 months"
01184,Brooklyn,NY,11201,3BR,7806,REIT,"12 months"
01185,Cambridge,"MA ",02139,Studio,2030,REIT,"6 months"
01186,Houston,TX,77001,3BR,5603,Corporate,"18 months"
01187,"San Francisco",CA,94110,1BR,2721,Individual,"24 months"
01188,"New York",NY,10002,4BR+,12532,LLC,"6 months"
01189,Atlanta,GA,30301,3BR,4279,"Property Management Co","12 months"
01190,Decatur,GA,30030,4BR+,6928,"Property Management Co","18 months"
01191,Atlanta,GA,30301,1BR,1254,"Property Management Co","12 months"
01193,Boston,MA,02115,3BR,4873,Corporate,"18 months"
01194,Atlanta,GA,30301,2BR,2927,Corporate,"18 months"
01195,"San Francisco",CA,94110,1BR,4387,LLC,"12 months"
01196,Atlanta,GA,30301,2BR,3267,LLC,"18 months"
01197,Arlington,VA,22201,1BR,2304,Corporate,"12 months"
01198,Washington,DC,20009,4BR+,7896,Individual,"12 months"
01199,"San Antonio",TX,78201,3BR,3893,REIT,"24 months"
01201,Aurora,CO,80010,3BR,4644,Individual,"12 months"
01202,Denver,CO,80205,2BR,2591,"Property Management Co","24 months"
01203,"New York",NY,10001,Studio,1998,LLC,"6 months"
01204,Queens,NY,11101,4BR+,6668,"Property Management Co","12 months"
01205,Denver,CO,80205,3BR,4715,Corporate,"12 months"
01206,Scottsdale,AZ,85251,3BR,3339,REIT,"6 months"
01207,Miami,FL,33130,3BR,3269,Corporate,"12 months"
01208,Boston,MA,02115,Studio,1900,REIT,"6 months"
01209,Boston,MA,02115,1BR,2593,Corporate,"18 months"
01210,"Los Angeles",CA,90025,3BR,2928,Corporate,"12 months"
01211,Oakland,CA,94601,1BR,1743,"Property Management Co","12 months"
01212,Queens,"NY ",111XX,1BR,1443,Individual,"18 months"
01213,Seattle,WA,98103,2BR,4899,LLC,"6 months"
01214,Washington,DC,20001,Studio,846,REIT,"18 months"
01215,"Los Angeles",CA,90036,1BR,3144,Individual,"24 months"
01216,Washington,DC,20009,2BR,2143,Corporate,"12 months"
01217,Washington,"DC ",20001,2BR,2970,Individual,"12 months"
01218,Seattle,WA,98103,3BR,7554,REIT,"12 months"
01219,Austin,TX,78701,1BR,3115,"Property Management Co","6 months"
01220,Houston,TX,,4BR+,7826,LLC,"24 months"
01221,"San Francisco",CA,94102,2BR,6019,"Property Management Co","12 months"
01222,"Los Angeles",CA,90036,3BR,3247,LLC,"6 months"
01223,"Los Angeles",CA,90025,4BR+,4717,Individual,"12 months"
01224,Phoenix,AZ,85001,2BR,3954,LLC,"12 months"
01225,Queens,NY,11101,Studio,2102,Individual,"18 months"
01226,Denver,CO,80205,3BR,5159,REIT,"12 months"
01228,Houston,TX,77019,1BR,1120,"Property Management Co","12 months"
01229,"New York",NY,10003,4BR+,9450,LLC,"24 months"
01230,Washington,DC,20009,1BR,2592,Corporate,"12 months"
01232,Nashville,TN,37206,2BR,2856,"Property Management Co","12 months"
01234,"San Francisco",CA,94110,2BR,5391,"Property Management Co","12 months"
01235,Miami,FL,33101,Studio,2150,REIT,"12 months"
01236,Washington,DC,20001,2BR,2192,"Property Management Co","12 months"
01237,Washington,DC,20009,Studio,1196,Individual,"24 months"
01238,Miami,FL,33101,2BR,2908,"Property Management Co","6 months"
01239,Nashville,TN,37201,Studio,1014,Corporate,"24 months"
01240,Decatur,GA,30030,4BR+,5047,"Property Management Co","6 months"
01241,Houston,TX,77019,1BR,1536,Corporate,"12 months"
01243,Phoenix,AZ,85001,4BR+,7149,Corporate,"6 months"
01244,"San Francisco",CA,94110,3BR,8275,REIT,"24 months"
01245,Atlanta,GA,30308,2BR,3164,"Property Management Co","12 months"
01246,Queens,NY,11101,2BR,2279,Individual,"12 months"
01247,"San Antonio",TX,78201,3BR,4909,Individual,"12 months"
01248,Atlanta,GA,30308,4BR+,8380,LLC,"12 months"
01249,"New York",NY,10003,2BR,4776,Individual,"6 months"
01250,Houston,TX,77001,3BR,3802,REIT,"6 months"
01252,Queens,NY,11101,3BR,3745,Corporate,"24 months"
01256,Atlanta,GA,,2BR,4002,LLC,"12 months"
01257,Aurora,CO,80010,Studio,1015,"Property Management Co","24 months"
01258,"New York",NY,10002,1BR,1713,"Property Management Co","12 months"
01259,"New York",NY,10003,4BR+,11824,"Property Management Co","12 months"
01261,Denver,CO,80205,Studio,1573,Corporate,"12 months"
01262,Miami,"FL ",33130,4BR+,6922,REIT,"12 months"
01263,Aurora,CO,80010,2BR,2964,LLC,"12 months"
01264,"New York",NY,10003,Studio,3108,Corporate,"12 months"
01265,"San Francisco",CA,94102,2BR,5940,Individual,"12 months"
01266,Boston,MA,02101,Studio,1107,Corporate,"12 months"
01267,Denver,CO,80205,3BR,4863,REIT,"18 months"
01268,Cambridge,MA,02139,4BR+,7549,"Property Management Co","6 months"
01269,Washington,DC,20001,3BR,2381,REIT,"12 months"
01270,"New York",NY,10001,2BR,5328,LLC,"6 months"
01271,"San Antonio",TX,78201,2BR,4450,LLC,"12 months"
01272,Austin,TX,78704,1BR,2878,"Property Management Co","12 months"
01273,Houston,TX,77025,4BR+,7680,Individual,"12 months"
01274,Phoenix,AZ,85001,1BR,2800,Individual,"24 months"
01275,Brooklyn,NY,11201,Studio,3285,Individual,"18 months"
01276,Houston,TX,77025,1BR,2217,"Property Management Co","6 months"
01278,Scottsdale,AZ,85251,1BR,2402,REIT,"12 months"
01279,Houston,TX,77025,4BR+,4736,Individual,"12 months"
01280,Miami,FL,331XX,1BR,1840,Corporate,"12 months"
01281,"Los Angeles",CA,90036,2BR,3596,REIT,"18 months"
01282,Chicago,IL,60614,2BR,2139,,"12 months"
01283,Brooklyn,NY,11205,4BR+,10609,"Property Management Co","6 months"
01284,Nashville,TN,37201,4BR+,5588,REIT,"6 months"
01285,Seattle,WA,98103,1BR,4245,Corporate,"18 months"
01287,"San Francisco",CA,94110,3BR,6594,REIT,"12 months"
01288,Seattle,WA,98101,Studio,2631,LLC,"12 months"
01289,"San Francisco",CA,94102,Studio,2535,REIT,"6 months"
01291,Decatur,GA,30030,3BR,2641,Individual,"18 months"
01293,Queens,NY,11101,2BR,2244,REIT,"24 months"
01294,Houston,TX,77001,2BR,2242,"Property Management Co","12 months"
01295,Atlanta,GA,30301,4BR+,7231,Corporate,"24 months"
01296,Washington,DC,20001,"1 bed",1995,REIT,"12 months"
01297,Houston,TX,770XX,Studio,1300,Individual,"12 months"
01298,Queens,NY,11101,Studio,1340,REIT,"12 months"
01299,Seattle,WA,98101,Studio,1338,Individual,"12 months"
01301,Denver,CO,80201,2BR,2112,"Property Management Co","18 months"
01302,Austin,"TX ",78704,Studio,2037,"Property Management Co","24 months"
01306,Queens,NY,11101,2BR,1952,REIT,"12 months"
01307,Nashville,TN,37206,Studio,1232,Individual,"12 months"
01308,"Los Angeles",CA,90001,3BR,5044,Corporate,"18 months"
01309,"San Antonio",TX,78201,Studio,1334,Corporate,"24 months"
01310,"Los Angeles",CA,90025,"2 bed",3810,REIT,"12 months"
01313,Arlington,VA,22201,1BR,2340,Individual,"12 months"
01314,Cambridge,MA,02139,2BR,4081,Individual,"24 months"
01315,Houston,TX,77025,Studio,1118,Corporate,"24 months"
01316,Houston,TX,77025,1BR,1673,Corporate,"12 months"
01318,Decatur,GA,30030,3BR,3499,Corporate,"24 months"
01319,"Fort Lauderdale",FL,33301,3BR,2676,REIT,"12 months"
01320,Houston,TX,77025,3BR,5602,"Property Management Co","18 months"
01321,Austin,TX,78701,1BR,2709,Individual,"12 months"
01322,Washington,DC,20009,2BR,3694,"Property Management Co","6 months"
01323,Phoenix,AZ,85001,1BR,1362,"Property Management Co","12 months"
01326,Denver,CO,,1BR,2828,,"6 months"
01327,Nashville,TN,37206,"1 bed",3225,Individual,"12 months"
01328,Washington,DC,20001,4BR+,5702,LLC,"12 months"
01329,Boston,MA,02115,2BR,3635,LLC,"18 months"
01330,Atlanta,GA,30308,1BR,1265,LLC,"12 months"
01331,Cambridge,MA,02139,2BR,4042,"Property Management Co","12 months"
01332,"San Antonio",TX,78201,3BR,3531,REIT,"12 months"
01333,Denver,CO,80201,4BR+,7210,"Property Management Co","24 months"
01334,"San Francisco",CA,94102,4BR+,11803,LLC,"18 months"
01335,Washington,DC,20001,4BR+,7473,"Property Management Co","24 months"
01336,Arlington,VA,22201,2BR,3494,REIT,"12 months"
01337,"San Francisco",CA,94102,Studio,2400,LLC,"12 months"
01338,Nashville,TN,37206,3BR,5466,Individual,"24 months"
01339,Washington,DC,20009,1BR,1204,LLC,"6 months"
01340,Chicago,IL,60647,1BR,1666,Corporate,"6 months"
01341,Seattle,WA,98101,3BR,6894,Individual,"12 months"
01342,Phoenix,AZ,85001,3BR,4456,Corporate,"24 months"
01343,Washington,DC,20009,Studio,1546,Corporate,"18 months"
01344,Oakland,CA,94601,2BR,4246,Corporate,"12 months"
01346,Houston,TX,77019,4BR+,3271,Individual,"18 months"
01347,Chicago,IL,60601,Studio,805,Corporate,"12 months"
01348,Scottsdale,AZ,85251,4BR+,7485,"Property Management Co","24 months"
01350,Decatur,GA,30030,3BR,4442,LLC,"12 months"
01351,Denver,CO,,4BR+,4201,Individual,"6 months"
01352,Houston,TX,77001,Studio,2113,LLC,"6 months"
01353,Denver,CO,80205,Studio,973,Individual,"12 months"
01354,Seattle,WA,98101,Studio,2074,Individual,"6 months"
01356,Oakland,CA,94601,3BR,5037,Corporate,"24 months"
01357,Miami,FL,33130,1BR,2252,"Property Management Co","12 months"
01358,Denver,CO,80205,4BR+,3943,REIT,"6 months"
01359,"Fort Lauderdale",FL,33301,2BR,3711,REIT,"24 months"
01360,"San Francisco",CA,94110,Studio,1498,LLC,"18 months"
01361,Aurora,CO,,Studio,1824,REIT,"6 months"
01362,Boston,MA,02101,2BR,3952,REIT,"12 months"
01363,"San Antonio",TX,78201,Studio,1786,"Property Management Co","18 months"
01364,"San Antonio",TX,,4BR+,5401,Corporate,"12 months"
01365,Chicago,IL,60647,3BR,4581,"Property Management Co","6 months"
01366,Cambridge,MA,02139,3BR,5088,Individual,"12 months"
01367,Miami,FL,33101,Studio,1236,Individual,"12 months"
01368,Atlanta,GA,30308,1BR,3099,REIT,"24 months"
01369,Atlanta,GA,30301,1BR,1671,REIT,"12 months"
01370,Austin,TX,78704,Studio,1472,Individual,"12 months"
01371,"Los Angeles",CA,90036,3BR,3950,,"12 months"
01372,Austin,TX,78704,Studio,814,Corporate,"12 months"
01373,Scottsdale,AZ,85251,Studio,914,"Property Management Co","12 months"
01374,"New York",NY,10003,1BR,3751,"Property Management Co","12 months"
01375,Washington,DC,20009,2BR,2553,"Property Management Co","6 months"
01377,Decatur,GA,30030,4BR+,4054,LLC,"12 months"
01378,Decatur,GA,300XX,Studio,878,REIT,"12 months"
01379,"San Antonio",TX,78201,4BR+,5790,Individual,"12 months"
01380,Brooklyn,NY,11205,4BR+,8344,Individual,"24 months"
01381,Chicago,IL,60647,Studio,1413,LLC,"12 months"
01382,Cambridge,MA,02139,1BR,1475,Individual,"12 months"
01383,Nashville,TN,37201,1BR,3058,Individual,"12 months"
01384,Houston,TX,77025,2BR,3537,Individual,"6 months"
01385,Portland,OR,97201,1BR,1442,"Property Management Co","18 months"
01386,"Los Angeles",CA,90001,4BR+,3574,"Property Management Co","12 months"
01387,Queens,NY,11101,Studio,2141,,"12 months"
01389,Houston,TX,77001,3BR,2580,LLC,"12 months"
01390,"New York",NY,10002,Studio,2260,REIT,"6 months"
01391,"Fort Lauderdale",FL,33301,Studio,1945,LLC,"24 months"
01392,"New York",NY,10001,4BR+,8493,LLC,"12 months"
01393,Miami,FL,,3BR,5109,REIT,"24 months"
01394,"Fort Lauderdale",FL,33301,Studio,1604,Individual,"6 months"
01396,Boston,MA,02101,2BR,3152,REIT,"24 months"
01400,Boston,MA,02101,4BR+,4484,REIT,"6 months"
01401,"New York",NY,10001,Studio,2473,Corporate,"12 months"
01402,Queens,NY,11101,Studio,908,LLC,"12 months"
01403,Chicago,IL,60647,1BR,2536,Individual,"12 months"
01404,Phoenix,AZ,85001,Studio,969,Individual,"6 months"
01405,Brooklyn,NY,11205,2BR,3963,"Property Management Co","18 months"
01406,Arlington,VA,22201,2BR,3635,Individual,"6 months"
01407,Decatur,GA,30030,1BR,2763,LLC,"12 months"
01408,Nashville,TN,37201,4BR+,3113,LLC,"12 months"
01409,Austin,TX,78701,4BR+,3287,"Property Management Co","12 months"
01411,"Los Angeles",CA,90036,1BR,1861,"Property Management Co","12 months"
01412,Miami,FL,33130,Studio,1580,LLC,"12 months"
01413,Denver,CO,80205,3BR,2757,Corporate,"12 months"
01415,Houston,TX,77019,4BR+,3675,Individual,"6 months"
01416,Arlington,VA,22201,3BR,3660,REIT,"18 months"
01417,Austin,TX,78701,4BR+,5155,LLC,"6 months"
01418,Miami,"FL ",33101,1BR,3188,LLC,"12 months"
01419,Houston,TX,77025,"2 bed",3529,Corporate,"12 months"
01420,"San Francisco",CA,94102,3BR,4564,REIT,"12 months"
01421,Brooklyn,NY,11205,3BR,3492,REIT,"24 months"
01422,Chicago,IL,606XX,1BR,2267,"Property Management Co","24 months"
01423,Chicago,IL,60601,3BR,5368,LLC,"12 months"
01424,Seattle,WA,98101,2BR,2488,Corporate,"24 months"
01425,Bellevue,WA,98004,1BR,1222,LLC,"12 months"
01426,"New York",NY,10003,4BR+,7132,LLC,"12 months"
01428,Seattle,WA,98103,4BR+,7689,Corporate,"12 months"
01432,"New York",NY,10001,2BR,6070,Corporate,"12 months"
01433,"New York",NY,10003,4BR+,7119,Corporate,"6 months"
01434,Denver,CO,80201,4BR+,7017,Corporate,"12 months"
01435,Bellevue,WA,98004,2BR,3628,Individual,"18 months"
01436,Denver,CO,,4BR+,5816,LLC,"12 months"
01437,"New York",NY,10003,4BR+,4968,REIT,"24 months"
01438,"San Antonio",TX,78201,2BR,3370,Individual,"12 months"
01439,Chicago,IL,60647,2BR,3460,"Property Management Co","12 months"
01440,"San Francisco",CA,94110,Studio,1612,REIT,"24 months"
01441,Aurora,CO,80010,3BR,3821,Individual,"12 months"
01442,Boston,MA,02101,1BR,2698,Individual,"6 months"
01444,Portland,OR,97201,Studio,1375,Individual,"12 months"
01446,Seattle,WA,98101,2BR,3709,REIT,"24 months"
01447,Decatur,GA,30030,1BR,1203,"Property Management Co","12 months"
01450,Phoenix,AZ,85001,Studio,1050,REIT,"24 months"
01451,Atlanta,GA,30308,2BR,4167,"Property Management Co","12 months"
01452,Tempe,AZ,85281,1BR,2281,,"24 months"
01453,Atlanta,GA,30301,1BR,2997,,"18 months"
01454,Chicago,IL,60601,Studio,1170,Corporate,"18 months"
01455,Austin,TX,78701,4BR+,8407,REIT,"24 months"
01456,Seattle,WA,98103,3BR,4905,"Property Management Co","24 months"
01457,Boston,MA,02101,4BR+,8123,"Property Management Co","12 months"
01459,Chicago,IL,60647,3BR,3021,Individual,"12 months"
01461,Queens,NY,11101,2BR,3772,Corporate,"24 months"
01462,Chicago,IL,60647,Studio,1545,Corporate,"24 months"
01463,Boston,MA,02101,2BR,3510,LLC,"24 months"
01464,Oakland,CA,94601,3BR,3750,Corporate,"24 months"
01465,Austin,TX,78701,2BR,2680,Corporate,"24 months"
01466,Washington,DC,20009,1BR,1196,REIT,"12 months"
01469,Houston,TX,77001,2BR,2751,LLC,"6 months"
01470,"San Francisco",CA,94102,2BR,2944,"Property Management Co","12 months"
01472,Denver,CO,80205,4BR+,6853,Corporate,"12 months"
01473,Oakland,"CA ",94601,4BR+,4696,"Property Management Co","12 months"
01474,"New York",NY,,3BR,4558,REIT,"12 months"
01476,Miami,FL,33130,2BR,4006,Individual,"24 months"
01478,Chicago,IL,60614,Studio,1040,"Property Management Co","6 months"
01479,Portland,OR,97201,Studio,1960,Corporate,"12 months"
01480,Atlanta,GA,30301,Studio,1567,Corporate,"18 months"
01482,Seattle,WA,98101,4BR+,11529,REIT,"6 months"
01483,Brooklyn,NY,11201,4BR+,8551,LLC,"12 months"
01484,Phoenix,AZ,85001,4BR+,3508,Individual,"12 months"
01485,Nashville,TN,37201,3BR,3691,Corporate,"6 months"
01486,Seattle,WA,98101,2BR,4096,REIT,"24 months"
01487,Houston,TX,77019,1BR,3081,REIT,"24 months"
01488,Phoenix,AZ,85001,4BR+,7743,Individual,"24 months"
01489,"New York",NY,10002,Studio,1302,Corporate,"6 months"
01490,Chicago,IL,60647,Studio,2163,"Property Management Co","12 months"
01491,"Los Angeles",CA,90036,Studio,1913,LLC,"18 months"
01492,Austin,TX,78701,3BR,5414,Individual,"18 months"
01493,Washington,DC,20001,2BR,2939,LLC,"6 months"
01494,Nashville,TN,37201,4BR+,4195,LLC,"12 months"
01495,Tempe,AZ,85281,3BR,5817,"Property Management Co","12 months"
01496,Tempe,AZ,85281,3BR,5831,Corporate,"12 months"
01497,Boston,MA,02115,1BR,2137,LLC,"6 months"
01498,Boston,MA,02101,3BR,3116,"Property Management Co","12 months"
01500,Cambridge,MA,02139,4BR+,4087,Individual,"24 months"
01501,Cambridge,MA,02139,Studio,1252,"Property Management Co","18 months"
01502,"Los Angeles",CA,90036,"1 bed",2935,REIT,"6 months"
01503,Nashville,TN,37206,1BR,3037,REIT,"6 months"
01504,Portland,OR,97201,"2 bed",7905,REIT,"12 months"
01505,Boston,MA,02101,3BR,3415,REIT,"12 months"
01506,Brooklyn,NY,11205,Studio,2191,REIT,"24 months"
01507,Brooklyn,NY,11201,Studio,2974,LLC,"24 months"
01508,"San Francisco",CA,94102,3BR,8463,LLC,"24 months"
01509,Cambridge,MA,02139,4BR+,7490,REIT,"12 months"
01510,Boston,MA,02115,1BR,1929,"Property Management Co","24 months"
01511,Chicago,IL,60614,3BR,4893,Corporate,"12 months"
01512,"San Francisco",CA,94102,Studio,2907,"Property Management Co","12 months"
01513,Nashville,TN,37201,4BR+,7149,"Property Management Co","18 months"
01514,Nashville,TN,37206,Studio,2014,LLC,"12 months"
01515,Boston,MA,02115,Studio,1669,"Property Management Co","24 months"
01516,Nashville,TN,37206,2BR,2485,"Property Management Co","12 months"
01517,Scottsdale,AZ,85251,Studio,1982,Corporate,"12 months"
01518,Boston,MA,02101,2BR,4424,LLC,"12 months"
01519,"Los Angeles",CA,90036,1BR,2005,REIT,"12 months"
01520,"San Francisco",CA,94102,Studio,2608,LLC,"18 months"
01521,"New York",NY,10003,1BR,3942,,"12 months"
01522,Houston,TX,77025,4BR+,3869,Corporate,"18 months"
01523,Atlanta,GA,30308,4BR+,8141,Corporate,"12 months"
01525,Queens,NY,11101,3BR,3331,LLC,"12 months"
01526,"Los Angeles",CA,90001,3BR,2505,LLC,"12 months"
01527,"Fort Lauderdale",FL,33301,Studio,1192,REIT,"12 months"
01528,Phoenix,AZ,85001,4BR+,4455,LLC,"6 months"
01529,Houston,TX,770XX,4BR+,4552,Individual,"12 months"
01530,Austin,TX,78701,4BR+,8113,LLC,"18 months"
01532,"Los Angeles",CA,90036,1BR,2716,"Property Management Co","12 months"
01534,Houston,TX,77019,Studio,1558,LLC,"12 months"
01535,Houston,TX,77025,4BR+,4798,"Property Management Co","24 months"
01536,"New York",NY,10003,2BR,4563,Individual,"24 months"
01538,Brooklyn,NY,11205,1BR,1720,Corporate,"6 months"
01540,Miami,FL,33101,3BR,3268,LLC,"18 months"
01541,Washington,DC,20001,4BR+,6630,"Property Management Co","12 months"
01542,Miami,FL,33101,Studio,833,LLC,"12 months"
01543,Queens,NY,11101,Studio,891,"Property Management Co","12 months"
01545,Seattle,WA,98101,Studio,1812,REIT,"12 months"
01546,Denver,CO,80201,Studio,1870,LLC,"12 months"
01548,"San Francisco",CA,94110,3BR,7147,"Property Management Co","18 months"
01549,Houston,TX,77001,1BR,1848,Individual,"12 months"
01550,Brooklyn,NY,11201,2BR,4467,LLC,"24 months"
01552,"Fort Lauderdale",FL,33301,Studio,847,LLC,"6 months"
01553,Tempe,AZ,85281,3BR,3192,LLC,"18 months"
01554,Nashville,TN,37206,Studio,1237,REIT,"24 months"
01555,Houston,TX,77001,Studio,990,"Property Management Co","12 months"
01556,"Fort Lauderdale",FL,33301,1BR,2550,REIT,"6 months"
01557,Washington,DC,200XX,1BR,2653,"Property Management Co","12 months"
01558,Houston,TX,77001,4BR+,6476,LLC,"12 months"
01559,Atlanta,GA,30308,1BR,1621,LLC,"24 months"
01560,Washington,DC,20009,2BR,3680,Corporate,"24 months"
01561,Portland,OR,97201,3BR,3236,LLC,"12 months"
01562,Nashville,TN,37201,3BR,4235,,"12 months"
01563,Boston,MA,02115,1BR,2882,Corporate,"6 months"
01564,Nashville,TN,37206,3BR,3722,LLC,"12 months"
01565,"San Francisco",CA,94110,2BR,4012,REIT,"6 months"
01566,Atlanta,GA,30301,1BR,1694,REIT,"12 months"
01567,"Los Angeles",CA,90001,Studio,1134,REIT,"18 months"
01568,"Los Angeles",CA,90036,3BR,5454,"Property Management Co","18 months"
01569,Chicago,IL,60647,Studio,1505,LLC,"12 months"
01572,Brooklyn,NY,11201,3BR,6744,LLC,"12 months"
01574,"Fort Lauderdale",FL,33301,Studio,1252,LLC,"12 months"
01575,Chicago,IL,60647,1BR,2788,LLC,"24 months"
01576,Miami,FL,33130,3BR,5791,"Property Management Co","18 months"
01577,Nashville,TN,37206,3BR,5879,REIT,"18 months"
01578,Austin,TX,78704,4BR+,6872,REIT,"6 months"
01579,Seattle,WA,98101,Studio,2682,Corporate,"12 months"
01580,Scottsdale,AZ,85251,Studio,1088,REIT,"12 months"
01581,Denver,CO,80201,Studio,814,"Property Management Co","12 months"
01582,Atlanta,GA,30308,2BR,3407,Individual,"24 months"
01583,Scottsdale,AZ,85251,2BR,3187,REIT,"12 months"
01584,Austin,TX,78701,Studio,1872,"Property Management Co","12 months"
01585,Queens,NY,,1BR,1939,Individual,"12 months"
01586,Aurora,CO,80010,3BR,5599,REIT,"24 months"
01587,Austin,TX,78704,3BR,3776,REIT,"6 months"
01588,Seattle,WA,98101,4BR+,11790,REIT,"18 months"
01589,"San Antonio",TX,78201,1BR,2868,REIT,"18 months"
01590,Miami,FL,33101,1BR,1423,REIT,"12 months"
01591,Aurora,CO,80010,4BR+,7286,"Property Management Co","12 months"
01592,Atlanta,GA,30308,4BR+,3559,"Property Management Co","12 months"
01593,Chicago,IL,60614,4BR+,5326,Individual,"12 months"
01594,Brooklyn,NY,11205,4BR+,6063,REIT,"12 months"
01596,Brooklyn,NY,11201,3BR,7948,Individual,"12 months"
01597,Tempe,AZ,85281,Studio,1996,Corporate,"24 months"
01598,Houston,TX,77025,3BR,3253,"Property Management Co","12 months"
01599,"San Francisco",CA,94102,1BR,3285,Corporate,"18 months"
01600,Chicago,IL,60647,2BR,2373,REIT,"6 months"
01601,Queens,NY,111XX,3BR,2337,REIT,"12 months"
01602,"San Francisco",CA,94110,Studio,1975,LLC,"6 months"
01604,"Los Angeles",CA,90025,3BR,4879,LLC,"24 months"
01605,Houston,TX,77001,2BR,2880,LLC,"6 months"
01606,"New York",NY,,1BR,4399,REIT,"24 months"
01607,Houston,TX,77001,3BR,4185,"Property Management Co","18 months"
01609,"San Francisco",CA,94110,2BR,5752,Corporate,"12 months"
01610,Portland,OR,97201,"2 bed",3039,Corporate,"12 months"
01611,Denver,CO,80201,3BR,5506,Corporate,"12 months"
01612,Houston,TX,77001,1BR,2129,LLC,"18 months"
01613,Chicago,IL,60614,2BR,1677,REIT,"12 months"
01615,Nashville,TN,37206,1BR,1213,"Property Management Co","6 months"
01616,"San Francisco",CA,941XX,4BR+,5058,Individual,"18 months"
01617,Portland,OR,97201,Studio,815,REIT,"12 months"
01618,"Los Angeles","CA ",90025,2BR,2766,Corporate,"24 months"
01619,Atlanta,GA,,Studio,1916,Individual,"12 months"
01620,Austin,TX,78704,3BR,4885,"Property Management Co","12 months"
01621,Austin,TX,787XX,4BR+,6836,"Property Management Co","18 months"
01622,Seattle,WA,98103,Studio,2683,Individual,"12 months"
01623,Scottsdale,AZ,85251,3BR,4265,REIT,"6 months"
01625,Houston,TX,77001,3BR,5828,Individual,"18 months"
01626,Boston,MA,02115,3BR,4477,REIT,"18 months"
01627,"Los Angeles",CA,90025,4BR+,5247,"Property Management Co","6 months"
01628,Austin,TX,78704,3BR,5884,LLC,"12 months"
01629,Chicago,IL,60601,Studio,2064,LLC,"24 months"
01630,Phoenix,AZ,85001,Studio,1134,"Property Management Co","12 months"
01631,Nashville,TN,37206,2BR,4069,REIT,"6 months"
01632,Aurora,CO,80010,3BR,5393,"Property Management Co","12 months"
01633,Houston,TX,77001,2BR,2760,REIT,"12 months"
01634,Queens,NY,11101,4BR+,8123,LLC,"18 months"
01635,Oakland,CA,94601,4BR+,4673,,"24 months"
01636,Brooklyn,NY,11205,4BR+,11488,LLC,"12 months"
01637,Phoenix,AZ,,4BR+,4684,"Property Management Co","12 months"
01638,Seattle,WA,98103,4BR+,10533,Corporate,"6 months"
01639,"New York",NY,10001,2BR,5352,LLC,"18 months"
01640,Denver,"CO ",80205,3BR,5784,Corporate,"12 months"
01641,"San Francisco",CA,94110,2BR,6079,Individual,"18 months"
01642,Arlington,VA,22201,"2 bed",3129,Corporate,"6 months"
01644,Nashville,TN,37201,1BR,2373,Corporate,"12 months"
01645,"San Francisco",CA,94110,2BR,4963,Individual,"12 months"
01646,"San Antonio",TX,78201,4BR+,7028,Corporate,"18 months"
01647,"San Francisco",CA,94102,4BR+,7252,"Property Management Co","24 months"
01649,Brooklyn,NY,11205,Studio,2818,LLC,"12 months"
01650,Houston,"TX ",77001,1BR,3166,Corporate,"24 months"
01651,Brooklyn,NY,11205,Studio,2982,Individual,"24 months"
01652,Miami,FL,33130,1BR,1554,Individual,"24 months"
01654,Miami,FL,33101,2BR,3456,REIT,"12 months"
01655,Cambridge,MA,02139,4BR+,7582,Individual,"12 months"
01656,Nashville,TN,37201,2BR,2629,"Property Management Co","6 months"
01658,Portland,OR,97201,2BR,3490,Corporate,"12 months"
01659,Chicago,IL,60647,3BR,2933,Individual,"12 months"
01660,"San Antonio",TX,78201,Studio,1465,Individual,"6 months"
01661,Brooklyn,NY,11205,1BR,3702,LLC,"12 months"
01662,"San Francisco",CA,94110,3BR,6259,Corporate,"18 months"
01663,Queens,NY,11101,3BR,2217,Corporate,"12 months"
01665,"New York",NY,10003,1BR,4530,Corporate,"24 months"
01666,Chicago,IL,60601,Studio,1297,Individual,"6 months"
01667,"San Antonio",TX,78201,3BR,4811,REIT,"6 months"
01668,Chicago,IL,60647,4BR+,5959,"Property Management Co","24 months"
01669,Miami,FL,33101,Studio,1556,LLC,"6 months"
01670,Brooklyn,NY,11205,2BR,6006,Corporate,"18 months"
01671,Arlington,VA,22201,2BR,3908,REIT,"12 months"
01672,Atlanta,GA,30308,4BR+,3134,Corporate,"18 months"
01673,Houston,TX,77001,3BR,5395,"Property Management Co","12 months"
01674,Washington,"DC ",20009,1BR,1510,REIT,"12 months"
01675,Washington,DC,20009,Studio,1986,"Property Management Co","12 months"
01676,"Fort Lauderdale",FL,33301,3BR,5143,"Property Management Co","12 months"
01678,Houston,TX,77025,2BR,2599,LLC,"12 months"
01679,Nashville,TN,37201,4BR+,4434,LLC,"18 months"
01680,"San Francisco",CA,94110,Studio,3298,REIT,"12 months"
01681,"New York",NY,10002,1BR,4539,LLC,"12 months"
01682,Miami,FL,33101,4BR+,5852,"Property Management Co","24 months"
01683,Nashville,TN,37201,4BR+,4865,Corporate,"6 months"
01684,Oakland,CA,94601,1BR,3033,REIT,"12 months"
01685,Seattle,WA,98103,2BR,4384,"Property Management Co","12 months"
01686,Brooklyn,NY,11205,2BR,4161,Corporate,"24 months"
01687,Brooklyn,NY,11201,1BR,3615,REIT,"12 months"
01688,Boston,MA,02101,3BR,2987,"Property Management Co","12 months"
01689,"San Francisco",CA,94110,3BR,7743,Corporate,"18 months"
01690,Chicago,IL,606XX,1BR,2249,REIT,"12 months"
01691,"Fort Lauderdale",FL,33301,Studio,1904,Corporate,"18 months"
01692,"New York",NY,10001,2BR,4612,LLC,"24 months"
01693,Houston,TX,77019,2BR,1807,"Property Management Co","12 months"
01694,Houston,TX,77001,1BR,2302,REIT,"24 months"
01695,Queens,NY,11101,3BR,5097,Corporate,"6 months"
01696,Atlanta,GA,30308,2BR,2223,Individual,"6 months"
01697,Washington,DC,20009,Studio,1705,,"12 months"
01698,Houston,"TX ",77025,1BR,2863,Individual,"12 months"
01699,Miami,FL,33101,Studio,1508,Individual,"18 months"
01700,Chicago,IL,60647,1BR,1836,Individual,"12 months"
01701,"New York",NY,10003,2BR,3799,Corporate,"12 months"
01702,Decatur,GA,30030,1BR,2253,,"6 months"
01703,Seattle,WA,98101,4BR+,12472,Individual,"12 months"
01704,Scottsdale,AZ,85251,1BR,1343,,"18 months"
01705,Portland,OR,97201,2BR,2949,REIT,"18 months"
01706,"Los Angeles",CA,90001,4BR+,7867,Individual,"12 months"
01707,Phoenix,AZ,85001,3BR,5960,LLC,"12 months"
01708,Chicago,IL,60614,4BR+,3093,Corporate,"6 months"
01709,Queens,NY,111XX,Studio,1320,Individual,"12 months"
01710,"San Francisco",CA,94102,3BR,5664,Individual,"24 months"
01711,Scottsdale,AZ,85251,2BR,2478,LLC,"12 months"
01712,Miami,FL,33101,2BR,1731,Individual,"12 months"
01713,Scottsdale,AZ,85251,4BR+,8312,LLC,"6 months"
01714,"Fort Lauderdale",FL,33301,1BR,2805,REIT,"12 months"
01715,"New York",NY,10003,3BR,4215,Corporate,"24 months"
01716,Seattle,WA,98103,1BR,2916,"Property Management Co","12 months"
01717,Tempe,AZ,85281,3BR,4183,"Property Management Co","6 months"
01718,Washington,DC,20009,Studio,1773,"Property Management Co","12 months"
01719,"Los Angeles",CA,90025,1BR,3019,REIT,"24 months"
01722,Nashville,TN,37206,Studio,1684,LLC,"18 months"
01723,Austin,TX,78701,Studio,1755,LLC,"6 months"
01724,Bellevue,WA,98004,Studio,861,REIT,"24 months"
01725,"San Francisco",CA,941XX,4BR+,8406,LLC,"18 months"
01726,Houston,TX,77001,3BR,3570,"Property Management Co","12 months"
01727,Queens,NY,11101,3BR,3510,LLC,"6 months"
01728,Chicago,IL,60614,4BR+,7384,Individual,"18 months"
01729,Miami,FL,33101,Studio,829,Individual,"24 months"
01730,Brooklyn,NY,11201,2BR,4495,REIT,"12 months"
01731,Austin,TX,78701,3BR,4271,LLC,"18 months"
01732,Brooklyn,NY,11205,1BR,1677,"Property Management Co","12 months"
01733,"San Francisco",CA,94102,4BR+,10659,Corporate,"6 months"
01734,Phoenix,AZ,85001,1BR,3103,Individual,"6 months"
01735,Atlanta,GA,30301,1BR,2211,"Property Management Co","12 months"
01736,Chicago,IL,60601,3BR,3183,REIT,"6 months"
01737,Chicago,IL,60614,1BR,1172,LLC,"12 months"
01738,"Fort Lauderdale",FL,33301,Studio,2115,Individual,"12 months"
01739,Phoenix,AZ,85001,3BR,5118,LLC,"12 months"
01740,Arlington,VA,22201,1BR,2257,REIT,"24 months"
01742,Nashville,TN,37201,2BR,4418,Corporate,"24 months"
01743,Washington,DC,20009,Studio,1107,LLC,"6 months"
01744,Houston,TX,77025,4BR+,7798,"Property Management Co","24 months"
01745,Houston,TX,77001,4BR+,7609,,"6 months"
01746,Miami,FL,33130,1BR,2770,"Property Management Co","6 months"
01747,Nashville,TN,37201,4BR+,5892,"Property Management Co","18 months"
01748,Houston,TX,77001,Studio,1507,REIT,"12 months"
01750,"San Francisco",CA,94102,4BR+,9328,Corporate,"24 months"
01751,Miami,FL,33101,Studio,1246,Individual,"24 months"
01752,Scottsdale,AZ,85251,1BR,2017,LLC,"18 months"
01753,Denver,CO,80205,1BR,2467,Individual,"6 months"
01754,Brooklyn,NY,11201,2BR,4788,Corporate,"24 months"
01755,Washington,DC,20009,1BR,2802,LLC,"24 months"
01757,Brooklyn,NY,11205,1BR,3414,"Property Management Co","12 months"
01758,Boston,MA,02101,4BR+,6019,Corporate,"12 months"
01759,Boston,MA,02115,1BR,2897,"Property Management Co","12 months"
01760,Nashville,TN,37206,1BR,2105,REIT,"6 months"
01761,Bellevue,WA,98004,4BR+,8257,LLC,"12 months"
01763,Houston,TX,77019,3BR,5829,,"24 months"
01764,"San Francisco",CA,94102,3BR,5482,REIT,"12 months"
01765,Washington,DC,20001,3BR,4044,REIT,"12 months"
01766,Miami,FL,33101,4BR+,5055,Individual,"18 months"
01767,Phoenix,AZ,85001,"2 bed",4027,Individual,"6 months"
01768,Bellevue,WA,98004,4BR+,4514,"Property Management Co","24 months"
01770,Phoenix,AZ,85001,1BR,2840,LLC,"6 months"
01771,Nashville,TN,37206,2BR,4310,Corporate,"18 months"
01772,Chicago,IL,60614,2BR,2573,"Property Management Co","18 months"
01774,"San Antonio",TX,78201,Studio,1515,Corporate,"18 months"
01775,Chicago,IL,60601,Studio,1391,LLC,"6 months"
01776,Austin,TX,78701,3BR,3816,REIT,"24 months"
01780,"San Francisco",CA,94102,4BR+,8310,Corporate,"12 months"
01781,Scottsdale,AZ,85251,1BR,2346,REIT,"24 months"
01783,"San Francisco",CA,94102,3BR,6768,LLC,"12 months"
01784,Oakland,CA,94601,Studio,2191,Individual,"12 months"
01785,Chicago,IL,60614,4BR+,5531,REIT,"12 months"
01786,Denver,CO,80201,Studio,1342,"Property Management Co","24 months"
01787,Nashville,TN,37206,4BR+,3364,Corporate,"24 months"
01788,Scottsdale,AZ,85251,2BR,2873,Corporate,"12 months"
01790,Chicago,IL,60614,3BR,2970,Corporate,"24 months"
01791,Austin,TX,78701,3BR,3575,LLC,"12 months"
01792,Aurora,CO,80010,3BR,5748,Individual,"12 months"
01793,"Los Angeles",CA,90001,3BR,3196,Individual,"12 months"
01794,Miami,FL,33101,3BR,5768,LLC,"6 months"
01796,Chicago,IL,60601,2BR,3345,LLC,"18 months"
01797,Atlanta,GA,30301,Studio,876,Corporate,"12 months"
01798,Brooklyn,NY,11201,4BR+,6928,Individual,"12 months"
01799,Seattle,WA,98101,4BR+,11064,Corporate,"12 months"
01800,Miami,FL,33130,Studio,1029,REIT,"18 months"
